2005-D001,Davis Cup WG R1: SVK vs ESP,Hard,4,D,20050304,1,103971,,,Karol Beck,R,180,SVK,22.9075975359,43,867,103852,,,Feliciano Lopez,L,188,ESP,23.4414784394,21,1330,6-4 7-5 6-3,5,RR,,,,,,,,,,,,,,,,,,,
2005-D001,Davis Cup WG R1: SVK vs ESP,Hard,4,D,20050304,2,103103,,,Dominik Hrbaty,R,183,SVK,27.151266256,29,1151,104269,,,Fernando Verdasco,L,188,ESP,21.2895277207,37,953,6-3 6-4 6-7(7) 6-3,5,RR,,,,,,,,,,,,,,,,,,,
2005-D001,Davis Cup WG R1: SVK vs ESP,Hard,4,D,20050304,3,103455,,,Michal Mertinak,R,180,SVK,25.3853524983,186,233,103852,,,Feliciano Lopez,L,188,ESP,23.4414784394,21,1330,6-0 6-7(3) 6-4,3,RR,,,,,,,,,,,,,,,,,,,
2005-D001,Davis Cup WG R1: SVK vs ESP,Hard,4,D,20050304,4,104269,,,Fernando Verdasco,L,188,ESP,21.2895277207,37,953,104743,,,Kamil Capkovic,R,,SVK,18.7433264887,370,83,6-2 6-2,3,RR,,,,,,,,,,,,,,,,,,,
2005-D002,Davis Cup WG R1: SUI vs NED,Hard,4,D,20050304,1,102854,,,Sjeng Schalken,R,193,NED,28.4736481862,73,545,103843,,,Marco Chiudinelli,R,185,SUI,23.4688569473,150,312,7-6(4) 4-6 6-3 5-7 6-2,5,RR,,,,,,,,,,,,,,,,,,,
2005-D002,Davis Cup WG R1: SUI vs NED,Hard,4,D,20050304,2,103193,,,Peter Wessels,R,196,NED,26.8145106092,78,518,104527,,,Stanislas Wawrinka,R,183,SUI,19.923340178,118,377,7-6(12) 6-7(4) 7-6(7) 6-4,5,RR,,,,,,,,,,,,,,,,,,,
2005-D002,Davis Cup WG R1: SUI vs NED,Hard,4,D,20050304,3,102854,,,Sjeng Schalken,R,193,NED,28.4736481862,73,545,104527,,,Stanislas Wawrinka,R,183,SUI,19.923340178,118,377,1-6 6-2 6-4 2-6 9-7,5,RR,,,,,,,,,,,,,,,,,,,
2005-D002,Davis Cup WG R1: SUI vs NED,Hard,4,D,20050304,4,103843,,,Marco Chiudinelli,R,185,SUI,23.4688569473,150,312,103193,,,Peter Wessels,R,196,NED,26.8145106092,78,518,4-6 RET,5,RR,,,,,,,,,,,,,,,,,,,
2005-D003,Davis Cup WG R1: AUS vs AUT,Grass,4,D,20050304,1,103720,,,Lleyton Hewitt,R,180,AUS,24.0109514031,2,3990,103580,,,Alexander Peya,R,183,AUT,24.6735112936,144,323,6-2 6-3 6-4,5,RR,,,,,,,,,,,,,,,,,,,
2005-D003,Davis Cup WG R1: AUS vs AUT,Grass,4,D,20050304,2,101885,,,Wayne Arthurs,L,190,AUS,33.9520876112,63,593,103781,,,Jurgen Melzer,L,183,AUT,23.7727583847,34,1005,7-6(5) 6-2 6-4,5,RR,,,,,,,,,,,,,,,,,,,
2005-D003,Davis Cup WG R1: AUS vs AUT,Grass,4,D,20050304,3,101889,,,Todd Woodbridge,R,178,AUS,33.9110198494,,,104021,,,Marco Mirnegg,R,180,AUT,22.6830937714,326,104,6-3 4-6 7-5,3,RR,,,,,,,,,,,,,,,,,,,
2005-D003,Davis Cup WG R1: AUS vs AUT,Grass,4,D,20050304,4,104589,,,Chris Guccione,L,201,AUS,19.5838466804,280,135,103580,,,Alexander Peya,R,183,AUT,24.6735112936,144,323,6-3 6-4,3,RR,,,,,,,,,,,,,,,,,,,
2005-D004,Davis Cup WG R1: ARG vs CZE,Clay,4,D,20050304,1,103900,,,David Nalbandian,R,180,ARG,23.1594798084,10,1945,102562,,,Jiri Novak,R,190,CZE,29.9411362081,27,1165,4-6 6-2 6-3 6-4,5,RR,,,,,,,,,,,,,,,,,,,
2005-D004,Davis Cup WG R1: ARG vs CZE,Clay,4,D,20050304,2,103909,,,Guillermo Coria,R,175,ARG,23.1266255989,5,2410,104607,,,Tomas Berdych,R,196,CZE,19.4496919918,44,858,6-3 3-6 6-0 6-3,5,RR,,,,,,,,,,,,,,,,,,,
2005-D004,Davis Cup WG R1: ARG vs CZE,Clay,4,D,20050304,3,103909,,,Guillermo Coria,R,175,ARG,23.1266255989,5,2410,103401,,,Jan Hernych,R,190,CZE,25.6481861739,75,525,6-3 6-0,3,RR,,,,,,,,,,,,,,,,,,,
2005-D004,Davis Cup WG R1: ARG vs CZE,Clay,4,D,20050304,4,102860,,,Agustin Calleri,R,183,ARG,28.4572210815,59,630,102720,,,Tomas Zib,R,178,CZE,29.0787132101,79,497,6-2 6-4,3,RR,,,,,,,,,,,,,,,,,,,
2005-D005,Davis Cup WG R1: RUS vs CHI,Carpet,4,D,20050304,1,103602,,,Fernando Gonzalez,R,183,CHI,24.5859000684,19,1350,104022,,,Mikhail Youzhny,R,183,RUS,22.6803559206,17,1390,7-6(4) 5-7 6-3 7-6(4),5,RR,,,,,,,,,,,,,,,,,,,
2005-D005,Davis Cup WG R1: RUS vs CHI,Carpet,4,D,20050304,2,103498,,,Marat Safin,R,193,RUS,25.0896646133,4,3360,103201,,,Adrian Garcia,R,175,CHI,26.765229295,117,378,6-1 3-6 6-3 7-6(4),5,RR,,,,,,,,,,,,,,,,,,,
2005-D005,Davis Cup WG R1: RUS vs CHI,Carpet,4,D,20050304,3,103498,,,Marat Safin,R,193,RUS,25.0896646133,4,3360,103602,,,Fernando Gonzalez,R,183,CHI,24.5859000684,19,1350,7-6(4) 7-6(5) 1-6 6-7(3) 6-4,5,RR,,,,,,,,,,,,,,,,,,,
2005-D005,Davis Cup WG R1: RUS vs CHI,Carpet,4,D,20050304,4,103786,,,Nikolay Davydenko,R,178,RUS,23.742642026,15,1455,104154,,,Paul Capdeville,R,190,CHI,21.9110198494,312,111,6-2 6-1,3,RR,,,,,,,,,,,,,,,,,,,
2005-D006,Davis Cup WG R1: FRA vs SWE,Clay,4,D,20050304,1,103908,,,Paul Henri Mathieu,R,185,FRA,23.1293634497,99,436,104026,,,Joachim Johansson,R,198,SWE,22.6639288159,11,1755,6-3 6-4 6-2,5,RR,,,,,,,,,,,,,,,,,,,
2005-D006,Davis Cup WG R1: FRA vs SWE,Clay,4,D,20050304,2,102563,,,Thomas Johansson,R,180,SWE,29.9356605065,25,1173,103206,,,Sebastien Grosjean,R,175,FRA,26.7542778919,28,1160,6-4 6-4 7-6(1),5,RR,,,,,,,,,,,,,,,,,,,
2005-D006,Davis Cup WG R1: FRA vs SWE,Clay,4,D,20050304,3,104026,,,Joachim Johansson,R,198,SWE,22.6639288159,11,1755,103206,,,Sebastien Grosjean,R,175,FRA,26.7542778919,28,1160,3-6 6-1 6-4 6-1,5,RR,,,,,,,,,,,,,,,,,,,
2005-D006,Davis Cup WG R1: FRA vs SWE,Clay,4,D,20050304,4,103908,,,Paul Henri Mathieu,R,185,FRA,23.1293634497,99,436,102563,,,Thomas Johansson,R,180,SWE,29.9356605065,25,1173,6-1 6-4 6-7(4) 6-4,5,RR,,,,,,,,,,,,,,,,,,,
2005-D007,Davis Cup WG R1: ROU vs BLR,Clay,4,D,20050304,1,103018,,,Max Mirnyi,R,196,BLR,27.6495550992,38,950,103812,,,Victor Hanescu,R,198,ROU,23.6084873374,84,483,7-6(6) 6-4 3-6 6-4,5,RR,,,,,,,,,,,,,,,,,,,
2005-D007,Davis Cup WG R1: ROU vs BLR,Clay,4,D,20050304,2,102318,,,Andrei Pavel,R,183,ROU,31.0882956879,24,1210,103166,,,Vladimir Voltchkov,R,180,BLR,26.8966461328,168,266,6-4 7-6(2) 7-6(2),5,RR,,,,,,,,,,,,,,,,,,,
2005-D007,Davis Cup WG R1: ROU vs BLR,Clay,4,D,20050304,3,102318,,,Andrei Pavel,R,183,ROU,31.0882956879,24,1210,103018,,,Max Mirnyi,R,196,BLR,27.6495550992,38,950,6-1 7-6(0) 4-6 6-3,5,RR,,,,,,,,,,,,,,,,,,,
2005-D007,Davis Cup WG R1: ROU vs BLR,Clay,4,D,20050304,4,103812,,,Victor Hanescu,R,198,ROU,23.6084873374,84,483,103166,,,Vladimir Voltchkov,R,180,BLR,26.8966461328,168,266,7-6(2) 6-4 7-6(6),5,RR,,,,,,,,,,,,,,,,,,,
2005-D008,Davis Cup WG R1: USA vs CRO,Hard,4,D,20050304,1,103344,,,Ivan Ljubicic,R,193,CRO,25.9493497604,14,1575,101736,,,Andre Agassi,R,180,USA,34.8364134155,9,1995,6-3 7-6(0) 6-3,5,RR,,,,,,,,,,,,,,,,,,,
2005-D008,Davis Cup WG R1: USA vs CRO,Hard,4,D,20050304,2,104053,,,Andy Roddick,R,188,USA,22.4996577687,3,3855,104339,,,Mario Ancic,R,196,CRO,20.9171800137,23,1236,4-6 6-2 6-1 6-4,5,RR,,,,,,,,,,,,,,,,,,,
2005-D008,Davis Cup WG R1: USA vs CRO,Hard,4,D,20050304,3,103344,,,Ivan Ljubicic,R,193,CRO,25.9493497604,14,1575,104053,,,Andy Roddick,R,188,USA,22.4996577687,3,3855,4-6 6-3 7-6(11) 6-7(7) 6-2,5,RR,,,,,,,,,,,,,,,,,,,
2005-D008,Davis Cup WG R1: USA vs CRO,Hard,4,D,20050304,4,103184,,,Bob Bryan,L,193,USA,26.8364134155,918,8,104056,,,Roko Karanusic,R,183,CRO,22.4832306639,167,268,6-2 3-6 6-1,3,RR,,,,,,,,,,,,,,,,,,,
2005-D009,Davis Cup WG QF: SVK vs NED,Hard,4,D,20050715,1,103103,,,Dominik Hrbaty,R,183,SVK,27.5154004107,26,1206,103171,,,Raemon Sluiter,R,185,NED,27.2443531828,134,327,6-1 5-7 6-4 6-3,5,RR,,,,,,,,,,,,,,,,,,,
2005-D009,Davis Cup WG QF: SVK vs NED,Hard,4,D,20050715,2,103193,,,Peter Wessels,R,196,NED,27.1786447639,89,463,103971,,,Karol Beck,R,180,SVK,23.2717316906,47,742,6-7(5) 7-5 6-7(3) 6-4 6-2,5,RR,,,,,,,,,,,,,,,,,,,
2005-D009,Davis Cup WG QF: SVK vs NED,Hard,4,D,20050715,3,103103,,,Dominik Hrbaty,R,183,SVK,27.5154004107,26,1206,103193,,,Peter Wessels,R,196,NED,27.1786447639,89,463,6-3 6-1 3-0 RET,5,RR,,,,,,,,,,,,,,,,,,,
2005-D009,Davis Cup WG QF: SVK vs NED,Hard,4,D,20050715,4,103455,,,Michal Mertinak,R,180,SVK,25.749486653,129,346,103369,,,Melle Van Gemerden,R,183,NED,26.173853525,227,168,4-6 6-3 6-4,3,RR,,,,,,,,,,,,,,,,,,,
2005-D010,Davis Cup WG QF: AUS vs ARG,Grass,4,D,20050715,1,103720,,,Lleyton Hewitt,R,180,AUS,24.3750855578,2,3840,103909,,,Guillermo Coria,R,175,ARG,23.4907597536,15,1500,7-6(5) 6-1 1-6 6-2,5,RR,,,,,,,,,,,,,,,,,,,
2005-D010,Davis Cup WG QF: AUS vs ARG,Grass,4,D,20050715,2,103900,,,David Nalbandian,R,180,ARG,23.523613963,10,1635,101885,,,Wayne Arthurs,L,190,AUS,34.3162217659,76,513,6-3 7-6(8) 5-7 6-2,5,RR,,,,,,,,,,,,,,,,,,,
2005-D010,Davis Cup WG QF: AUS vs ARG,Grass,4,D,20050715,3,103900,,,David Nalbandian,R,180,ARG,23.523613963,10,1635,103720,,,Lleyton Hewitt,R,180,AUS,24.3750855578,2,3840,6-2 6-4 6-4,5,RR,,,,,,,,,,,,,,,,,,,
2005-D010,Davis Cup WG QF: AUS vs ARG,Grass,4,D,20050715,4,103909,,,Guillermo Coria,R,175,ARG,23.4907597536,15,1500,103429,,,Peter Luczak,R,183,AUS,25.8617385352,147,294,6-3 7-6(11),3,RR,,,,,,,,,,,,,,,,,,,
2005-D011,Davis Cup WG QF: RUS vs FRA,Clay,4,D,20050715,1,104755,,,Richard Gasquet,R,185,FRA,19.0636550308,17,1470,104214,,,Igor Andreev,R,185,RUS,21.993155373,46,749,6-4 6-3 7-6(1),5,RR,,,,,,,,,,,,,,,,,,,
2005-D011,Davis Cup WG QF: RUS vs FRA,Clay,4,D,20050715,2,103786,,,Nikolay Davydenko,R,178,RUS,24.1067761807,7,2115,103908,,,Paul Henri Mathieu,R,185,FRA,23.4934976044,57,654,7-5 6-2 7-5,5,RR,,,,,,,,,,,,,,,,,,,
2005-D011,Davis Cup WG QF: RUS vs FRA,Clay,4,D,20050715,3,103786,,,Nikolay Davydenko,R,178,RUS,24.1067761807,7,2115,104755,,,Richard Gasquet,R,185,FRA,19.0636550308,17,1470,6-2 4-6 6-2 6-1,5,RR,,,,,,,,,,,,,,,,,,,
2005-D011,Davis Cup WG QF: RUS vs FRA,Clay,4,D,20050715,4,104214,,,Igor Andreev,R,185,RUS,21.993155373,46,749,103908,,,Paul Henri Mathieu,R,185,FRA,23.4934976044,57,654,6-0 6-2 6-1,5,RR,,,,,,,,,,,,,,,,,,,
2005-D012,Davis Cup WG QF: CRO vs ROU,Carpet,4,D,20050715,1,102318,,,Andrei Pavel,R,183,ROU,31.4524298426,41,825,104339,,,Mario Ancic,R,196,CRO,21.2813141684,32,1115,1-6 6-4 4-6 6-3 6-4,5,RR,,,,,,,,,,,,,,,,,,,
2005-D012,Davis Cup WG QF: CRO vs ROU,Carpet,4,D,20050715,2,103344,,,Ivan Ljubicic,R,193,CRO,26.3134839151,19,1435,103812,,,Victor Hanescu,R,198,ROU,23.9726214921,56,655,6-3 6-2 7-6(3),5,RR,,,,,,,,,,,,,,,,,,,
2005-D012,Davis Cup WG QF: CRO vs ROU,Carpet,4,D,20050715,3,103344,,,Ivan Ljubicic,R,193,CRO,26.3134839151,19,1435,102318,,,Andrei Pavel,R,183,ROU,31.4524298426,41,825,6-3 6-4 6-3,5,RR,,,,,,,,,,,,,,,,,,,
2005-D012,Davis Cup WG QF: CRO vs ROU,Carpet,4,D,20050715,4,104339,,,Mario Ancic,R,196,CRO,21.2813141684,32,1115,103812,,,Victor Hanescu,R,198,ROU,23.9726214921,56,655,7-6(3) 7-6(8),3,RR,,,,,,,,,,,,,,,,,,,
2005-D013,Davis Cup WG SF: SVK vs ARG,Hard,4,D,20050923,1,103971,,,Karol Beck,R,180,SVK,23.4633812457,48,777,103909,,,Guillermo Coria,R,175,ARG,23.6824093087,8,2110,7-5 6-4 6-4,5,RR,,,,,,,,,,,,,,,,,,,
2005-D013,Davis Cup WG SF: SVK vs ARG,Hard,4,D,20050923,2,103900,,,David Nalbandian,R,180,ARG,23.7152635181,9,1915,103103,,,Dominik Hrbaty,R,183,SVK,27.7070499658,19,1276,3-6 7-5 7-5 6-3,5,RR,,,,,,,,,,,,,,,,,,,
2005-D013,Davis Cup WG SF: SVK vs ARG,Hard,4,D,20050923,3,103103,,,Dominik Hrbaty,R,183,SVK,27.7070499658,19,1276,103909,,,Guillermo Coria,R,175,ARG,23.6824093087,8,2110,7-6(2) 6-2 6-3,5,RR,,,,,,,,,,,,,,,,,,,
2005-D013,Davis Cup WG SF: SVK vs ARG,Hard,4,D,20050923,4,102344,,,Karol Kucera,R,188,SVK,31.5455167693,145,292,103264,,,Mariano Puerta,L,180,ARG,27.0006844627,10,1727,4-6 6-3 2-1 RET,5,RR,,,,,,,,,,,,,,,,,,,
2005-D014,Davis Cup WG SF: CRO vs RUS,Carpet,4,D,20050923,1,103786,,,Nikolay Davydenko,R,178,RUS,24.2984257358,7,2175,104339,,,Mario Ancic,R,196,CRO,21.4729637235,24,1205,7-5 6-4 5-7 6-4,5,RR,,,,,,,,,,,,,,,,,,,
2005-D014,Davis Cup WG SF: CRO vs RUS,Carpet,4,D,20050923,2,103344,,,Ivan Ljubicic,R,193,CRO,26.5051334702,15,1430,104022,,,Mikhail Youzhny,R,183,RUS,23.2361396304,26,1155,3-6 6-3 6-4 4-6 6-4,5,RR,,,,,,,,,,,,,,,,,,,
2005-D014,Davis Cup WG SF: CRO vs RUS,Carpet,4,D,20050923,3,103344,,,Ivan Ljubicic,R,193,CRO,26.5051334702,15,1430,103786,,,Nikolay Davydenko,R,178,RUS,24.2984257358,7,2175,6-3 7-6(6) 6-4,5,RR,,,,,,,,,,,,,,,,,,,
2005-D014,Davis Cup WG SF: CRO vs RUS,Carpet,4,D,20050923,4,104098,,,Dmitry Tursunov,R,185,RUS,22.7707049966,131,317,103333,,,Ivo Karlovic,R,208,CRO,26.5571526352,83,470,6-4 6-4,3,RR,,,,,,,,,,,,,,,,,,,
2005-D015,Davis Cup WG F: SVK vs CRO,Hard,4,D,20051202,1,103344,,,Ivan Ljubicic,R,193,CRO,26.6967830253,9,2180,102344,,,Karol Kucera,R,188,SVK,31.7371663244,297,114,6-3 6-4 6-3,5,RR,,,,,,,,,,,,,,,,,,,
2005-D015,Davis Cup WG F: SVK vs CRO,Hard,4,D,20051202,2,103103,,,Dominik Hrbaty,R,183,SVK,27.8986995209,19,1490,104339,,,Mario Ancic,R,196,CRO,21.6646132786,22,1360,7-6(4) 6-3 6-7(4) 6-4,5,RR,,,,,,,,,,,,,,,,,,,
2005-D015,Davis Cup WG F: SVK vs CRO,Hard,4,D,20051202,3,103103,,,Dominik Hrbaty,R,183,SVK,27.8986995209,19,1490,103344,,,Ivan Ljubicic,R,193,CRO,26.6967830253,9,2180,4-6 6-3 6-4 3-6 6-4,5,RR,,,,,,,,,,,,,,,,,,,
2005-D015,Davis Cup WG F: SVK vs CRO,Hard,4,D,20051202,4,104339,,,Mario Ancic,R,196,CRO,21.6646132786,22,1360,103455,,,Michal Mertinak,R,180,SVK,26.1327857632,165,242,7-6(1) 6-3 6-4,5,RR,,,,,,,,,,,,,,,,,,,
2005-D016,Davis Cup WG PO: AUT vs ECU,Hard,4,D,20050923,1,103781,,,Jurgen Melzer,L,183,AUT,24.3285420945,49,760,104117,,,Giovanni Lapentti,R,193,ECU,22.6502395619,133,315,6-1 6-0 6-2,5,RR,,,,,,,,,,,,,,,,,,,
2005-D016,Davis Cup WG PO: AUT vs ECU,Hard,4,D,20050923,2,102839,,,Nicolas Lapentti,R,188,ECU,29.1006160164,77,487,102905,,,Stefan Koubek,L,175,AUT,28.7118412047,106,408,5-7 4-6 6-4 7-6(5) 7-5,5,RR,,,,,,,,,,,,,,,,,,,
2005-D016,Davis Cup WG PO: AUT vs ECU,Hard,4,D,20050923,3,103781,,,Jurgen Melzer,L,183,AUT,24.3285420945,49,760,102839,,,Nicolas Lapentti,R,188,ECU,29.1006160164,77,487,7-5 6-4 7-5,5,RR,,,,,,,,,,,,,,,,,,,
2005-D016,Davis Cup WG PO: AUT vs ECU,Hard,4,D,20050923,4,102905,,,Stefan Koubek,L,175,AUT,28.7118412047,106,408,104008,,,Carlos Avellan,U,,ECU,23.3045859001,665,27,6-3 6-2,3,RR,,,,,,,,,,,,,,,,,,,
2005-D017,Davis Cup WG PO: CAN vs BLR,Hard,4,D,20050923,1,104433,,,Frank Dancevic,R,185,CAN,20.9801505818,188,219,103166,,,Vladimir Voltchkov,R,180,BLR,27.4524298426,185,227,5-7 6-4 4-6 7-6(3) 6-3,5,RR,,,,,,,,,,,,,,,,,,,
2005-D017,Davis Cup WG PO: CAN vs BLR,Hard,4,D,20050923,2,103018,,,Max Mirnyi,R,196,BLR,28.205338809,27,1125,102110,,,Daniel Nestor,L,190,CAN,33.0403832991,,,6-7(4) 7-5 2-1 RET,5,RR,,,,,,,,,,,,,,,,,,,
2005-D017,Davis Cup WG PO: CAN vs BLR,Hard,4,D,20050923,3,103018,,,Max Mirnyi,R,196,BLR,28.205338809,27,1125,104433,,,Frank Dancevic,R,185,CAN,20.9801505818,188,219,4-6 6-3 6-4 3-6 6-4,5,RR,,,,,,,,,,,,,,,,,,,
2005-D017,Davis Cup WG PO: CAN vs BLR,Hard,4,D,20050923,4,103166,,,Vladimir Voltchkov,R,180,BLR,27.4524298426,185,227,102780,,,Frederic Niemeyer,R,190,CAN,29.4045174538,193,213,6-2 6-7(2) 6-3 6-4,5,RR,,,,,,,,,,,,,,,,,,,
2005-D018,Davis Cup WG PO: CHI vs PAK,Clay,4,D,20050923,1,103602,,,Fernando Gonzalez,R,183,CHI,25.1416837782,18,1325,103499,,,Aqeel Khan,R,,PAK,25.6372347707,988,8,6-0 6-0 6-1,5,RR,,,,,,,,,,,,,,,,,,,
2005-D018,Davis Cup WG PO: CHI vs PAK,Clay,4,D,20050923,2,103454,,,Nicolas Massu,R,183,CHI,25.9438740589,47,780,103529,,,Aisam Ul Haq Qureshi,R,183,PAK,25.5085557837,355,86,6-2 7-6(4) 6-1,5,RR,,,,,,,,,,,,,,,,,,,
2005-D018,Davis Cup WG PO: CHI vs PAK,Clay,4,D,20050923,3,104154,,,Paul Capdeville,R,190,CHI,22.4668035592,132,315,108896,,,Shahzad Khan,U,,PAK,18.7926078029,1497,1,6-0 6-1,3,RR,,,,,,,,,,,,,,,,,,,
2005-D018,Davis Cup WG PO: CHI vs PAK,Clay,4,D,20050923,4,103201,,,Adrian Garcia,R,175,CHI,27.3210130048,155,269,103499,,,Aqeel Khan,R,,PAK,25.6372347707,988,8,6-2 6-4,3,RR,,,,,,,,,,,,,,,,,,,
2005-D019,Davis Cup WG PO: CZE vs GER,Clay,4,D,20050923,1,104607,,,Tomas Berdych,R,196,CZE,20.0054757016,37,890,103163,,,Tommy Haas,R,188,GER,27.4633812457,39,880,4-6 4-6 6-1 7-6(9) 6-3,5,RR,,,,,,,,,,,,,,,,,,,
2005-D019,Davis Cup WG PO: CZE vs GER,Clay,4,D,20050923,2,103017,,,Nicolas Kiefer,R,183,GER,28.2080766598,36,900,102720,,,Tomas Zib,R,178,CZE,29.6344969199,61,623,7-6(4) 4-6 6-4 6-2,5,RR,,,,,,,,,,,,,,,,,,,
2005-D019,Davis Cup WG PO: CZE vs GER,Clay,4,D,20050923,3,104607,,,Tomas Berdych,R,196,CZE,20.0054757016,37,890,103017,,,Nicolas Kiefer,R,183,GER,28.2080766598,36,900,6-7(5) 6-3 2-6 6-4 7-5,5,RR,,,,,,,,,,,,,,,,,,,
2005-D019,Davis Cup WG PO: CZE vs GER,Clay,4,D,20050923,4,103163,,,Tommy Haas,R,188,GER,27.4633812457,39,880,102720,,,Tomas Zib,R,178,CZE,29.6344969199,61,623,6-7(3) 7-5 6-2 6-0,5,RR,,,,,,,,,,,,,,,,,,,
2005-D020,Davis Cup WG PO: ITA vs ESP,Clay,4,D,20050923,1,104312,,,Andreas Seppi,R,190,ITA,21.5770020534,78,485,103507,,,Juan Carlos Ferrero,R,183,ESP,25.6016427105,20,1275,5-7 3-6 6-0 6-3 6-2,5,RR,,,,,,,,,,,,,,,,,,,
2005-D020,Davis Cup WG PO: ITA vs ESP,Clay,4,D,20050923,2,104745,,,Rafael Nadal,L,185,ESP,19.2963723477,2,4475,103110,,,Daniele Bracciali,R,180,ITA,27.6906228611,92,444,6-3 6-2 6-1,5,RR,,,,,,,,,,,,,,,,,,,
2005-D020,Davis Cup WG PO: ITA vs ESP,Clay,4,D,20050923,3,104745,,,Rafael Nadal,L,185,ESP,19.2963723477,2,4475,104312,,,Andreas Seppi,R,190,ITA,21.5770020534,78,485,6-1 6-2 5-7 6-4,5,RR,,,,,,,,,,,,,,,,,,,
2005-D020,Davis Cup WG PO: ITA vs ESP,Clay,4,D,20050923,4,103507,,,Juan Carlos Ferrero,R,183,ESP,25.6016427105,20,1275,103110,,,Daniele Bracciali,R,180,ITA,27.6906228611,92,444,6-3 6-0 6-3,5,RR,,,,,,,,,,,,,,,,,,,
2005-D021,Davis Cup WG PO: IND vs SWE,Grass,4,D,20050923,1,102035,,,Jonas Bjorkman,R,183,SWE,33.492128679,94,438,104250,,,Prakash Amritraj,R,188,IND,21.9657768652,271,132,6-4 6-4 6-4,5,RR,,,,,,,,,,,,,,,,,,,
2005-D021,Davis Cup WG PO: IND vs SWE,Grass,4,D,20050923,2,102563,,,Thomas Johansson,R,180,SWE,30.4914442163,14,1455,103523,,,Rohan Bopanna,R,190,IND,25.5441478439,311,110,7-6(3) 7-6(2) 7-6(4),5,RR,,,,,,,,,,,,,,,,,,,
2005-D021,Davis Cup WG PO: IND vs SWE,Grass,4,D,20050923,3,102563,,,Thomas Johansson,R,180,SWE,30.4914442163,14,1455,104250,,,Prakash Amritraj,R,188,IND,21.9657768652,271,132,6-4 6-3 6-2,5,RR,,,,,,,,,,,,,,,,,,,
2005-D022,Davis Cup WG PO: SUI vs GBR,Clay,4,D,20050923,1,103819,,,Roger Federer,R,185,SUI,24.1149897331,1,6975,103820,,,Alan Mackin,R,183,GBR,24.1067761807,262,139,6-0 6-0 6-2,5,RR,,,,,,,,,,,,,,,,,,,
2005-D022,Davis Cup WG PO: SUI vs GBR,Clay,4,D,20050923,2,104527,,,Stanislas Wawrinka,R,183,SUI,20.4791238877,60,652,104918,,,Andy Murray,R,190,GBR,18.3490759754,110,396,6-3 7-6(5) 6-4,5,RR,,,,,,,,,,,,,,,,,,,
2005-D022,Davis Cup WG PO: SUI vs GBR,Clay,4,D,20050923,3,102567,,,George Bastl,R,183,SUI,30.46954141,113,383,103559,,,David Sherwood,R,193,GBR,25.3716632444,233,162,6-3 6-0,3,RR,,,,,,,,,,,,,,,,,,,
2005-D022,Davis Cup WG PO: SUI vs GBR,Clay,4,D,20050923,4,104527,,,Stanislas Wawrinka,R,183,SUI,20.4791238877,60,652,103820,,,Alan Mackin,R,183,GBR,24.1067761807,262,139,7-5 7-6(5),3,RR,,,,,,,,,,,,,,,,,,,
2005-D023,Davis Cup WG PO: BEL vs USA,Clay,4,D,20050923,1,103694,,,Olivier Rochus,R,168,BEL,24.6680355921,31,1025,103484,,,James Blake,R,185,USA,25.7275838467,34,980,6-4 7-5 6-1,5,RR,,,,,,,,,,,,,,,,,,,
2005-D023,Davis Cup WG PO: BEL vs USA,Clay,4,D,20050923,2,104053,,,Andy Roddick,R,188,USA,23.0554414784,3,3125,103294,,,Christophe Rochus,R,170,BEL,26.7624914442,54,704,6-1 6-2 6-3,5,RR,,,,,,,,,,,,,,,,,,,
2005-D023,Davis Cup WG PO: BEL vs USA,Clay,4,D,20050923,3,104053,,,Andy Roddick,R,188,USA,23.0554414784,3,3125,103694,,,Olivier Rochus,R,168,BEL,24.6680355921,31,1025,6-7(4) 7-6(4) 7-6(5) 4-6 6-3,5,RR,,,,,,,,,,,,,,,,,,,
2005-D023,Davis Cup WG PO: BEL vs USA,Clay,4,D,20050923,4,103484,,,James Blake,R,185,USA,25.7275838467,34,980,104327,,,Steve Darcis,R,178,BEL,21.5195071869,200,195,7-5 6-1,3,RR,,,,,,,,,,,,,,,,,,,
2005-D024,Davis Cup G1 R1: VEN vs PER,Hard,4,D,20050304,1,103525,,,Ivan Miranda,R,175,PER,24.977412731,297,125,108628,,,Jhonnatan Medina Alvarez,U,,VEN,23.1293634497,,,2-6 7-5 7-6(4) 6-1,5,RR,,,,,,,,,,,,,,,,,,,
2005-D024,Davis Cup G1 R1: VEN vs PER,Hard,4,D,20050304,2,103739,,,Jose De Armas,R,,VEN,23.9315537303,449,59,108929,,,Sergio Rojas,U,,PER,16.6269678303,,,6-1 6-1 6-3,5,RR,,,,,,,,,,,,,,,,,,,
2005-D024,Davis Cup G1 R1: VEN vs PER,Hard,4,D,20050304,3,103739,,,Jose De Armas,R,,VEN,23.9315537303,449,59,103525,,,Ivan Miranda,R,175,PER,24.977412731,297,125,6-4 3-6 7-6(3) 6-2,5,RR,,,,,,,,,,,,,,,,,,,
2005-D024,Davis Cup G1 R1: VEN vs PER,Hard,4,D,20050304,4,108628,,,Jhonnatan Medina Alvarez,U,,VEN,23.1293634497,,,108929,,,Sergio Rojas,U,,PER,16.6269678303,,,7-6(0) 6-1,3,RR,,,,,,,,,,,,,,,,,,,
2005-D025,Davis Cup G1 R1: MEX vs ECU,Hard,4,D,20050304,1,104117,,,Giovanni Lapentti,R,193,ECU,22.0944558522,120,376,103060,,,Alejandro Hernandez,R,180,MEX,27.4113620808,236,169,6-3 3-6 6-7(6) 7-6(4) 6-1,5,RR,,,,,,,,,,,,,,,,,,,
2005-D025,Davis Cup G1 R1: MEX vs ECU,Hard,4,D,20050304,2,103746,,,Miguel Gallardo Valles,R,,MEX,23.8932238193,221,188,102839,,,Nicolas Lapentti,R,188,ECU,28.5448323066,138,332,4-6 6-4 6-2 6-4,5,RR,,,,,,,,,,,,,,,,,,,
2005-D025,Davis Cup G1 R1: MEX vs ECU,Hard,4,D,20050304,3,104117,,,Giovanni Lapentti,R,193,ECU,22.0944558522,120,376,103746,,,Miguel Gallardo Valles,R,,MEX,23.8932238193,221,188,6-3 6-4 3-6 7-6(5),5,RR,,,,,,,,,,,,,,,,,,,
2005-D025,Davis Cup G1 R1: MEX vs ECU,Hard,4,D,20050304,4,104136,,,Santiago Gonzalez,R,190,MEX,22.0123203285,282,134,104008,,,Carlos Avellan,U,,ECU,22.7488021903,621,30,6-4 4-6 6-4,3,RR,,,,,,,,,,,,,,,,,,,
2005-D026,Davis Cup G1 R2: VEN vs CAN,Clay,4,D,20050429,1,104433,,,Frank Dancevic,R,185,CAN,20.5776865161,146,297,103286,,,Yohny Romero,R,,VEN,26.4010951403,576,37,6-4 7-6(4) 6-0,5,RR,,,,,,,,,,,,,,,,,,,
2005-D026,Davis Cup G1 R2: VEN vs CAN,Clay,4,D,20050429,2,102780,,,Frederic Niemeyer,R,190,CAN,29.0020533881,236,168,103739,,,Jose De Armas,R,,VEN,24.0848733744,451,54,7-6(2) 6-1 6-3,5,RR,,,,,,,,,,,,,,,,,,,
2005-D026,Davis Cup G1 R2: VEN vs CAN,Clay,4,D,20050429,3,103510,,,Rob Steckley,R,,CAN,25.1882272416,712,21,104700,,,Daniel Vallverdu,R,,VEN,19.1074606434,1170,4,6-7(2) 6-1 6-4,3,RR,,,,,,,,,,,,,,,,,,,
2005-D027,Davis Cup G1 R2: ECU vs PAR,Clay,4,D,20050429,1,104117,,,Giovanni Lapentti,R,193,ECU,22.2477754962,120,363,104658,,,Gustavo Ramirez,U,,PAR,19.3018480493,,,6-0 7-6(3) 6-3,5,RR,,,,,,,,,,,,,,,,,,,
2005-D027,Davis Cup G1 R2: ECU vs PAR,Clay,4,D,20050429,2,104008,,,Carlos Avellan,U,,ECU,22.9021218344,665,26,105367,,,Daniel Alejandro Lopez Cassaccia,R,,PAR,15.8110882957,,,6-3 6-0 7-5,5,RR,,,,,,,,,,,,,,,,,,,
2005-D027,Davis Cup G1 R2: ECU vs PAR,Clay,4,D,20050429,3,104260,,,Johny De Leon,U,,ECU,21.5222450376,764,17,108930,,,Juan Carlos Ramirez,U,,PAR,16.4134154689,,,6-2 6-1,3,RR,,,,,,,,,,,,,,,,,,,
2005-D027,Davis Cup G1 R2: ECU vs PAR,Clay,4,D,20050429,4,104008,,,Carlos Avellan,U,,ECU,22.9021218344,665,26,108931,,,Enzo Pigola,U,,PAR,18.5954825462,,,6-4 6-1,3,RR,,,,,,,,,,,,,,,,,,,
2005-D028,Davis Cup G1 PO: MEX vs PAR,Hard,4,D,20050715,1,103746,,,Miguel Gallardo Valles,R,,MEX,24.257357974,215,182,104258,,,Juan Enrique Crosa,U,,PAR,21.735797399,,,6-1 6-1 6-2,5,RR,,,,,,,,,,,,,,,,,,,
2005-D028,Davis Cup G1 PO: MEX vs PAR,Hard,4,D,20050715,2,103826,,,Carlos Palencia,U,,MEX,23.8850102669,628,30,104658,,,Gustavo Ramirez,U,,PAR,19.5126625599,,,6-4 6-4 6-2,5,RR,,,,,,,,,,,,,,,,,,,
2005-D028,Davis Cup G1 PO: MEX vs PAR,Hard,4,D,20050715,3,103316,,,Victor Romero,R,,MEX,26.4558521561,495,51,104658,,,Gustavo Ramirez,U,,PAR,19.5126625599,,,6-4 6-4,3,RR,,,,,,,,,,,,,,,,,,,
2005-D028,Davis Cup G1 PO: MEX vs PAR,Hard,4,D,20050715,4,103826,,,Carlos Palencia,U,,MEX,23.8850102669,628,30,108930,,,Juan Carlos Ramirez,U,,PAR,16.6242299795,,,6-2 6-0,3,RR,,,,,,,,,,,,,,,,,,,
2005-D029,Davis Cup G1 PO: PER vs PAR,Clay,4,D,20050923,1,103525,,,Ivan Miranda,R,175,PER,25.5331964408,317,109,108930,,,Juan Carlos Ramirez,U,,PAR,16.8158795346,,,7-5 6-1 6-3,5,RR,,,,,,,,,,,,,,,,,,,
2005-D029,Davis Cup G1 PO: PER vs PAR,Clay,4,D,20050923,2,103632,,,Luis Horna,R,180,PER,25.0130047912,63,580,108931,,,Enzo Pigola,U,,PAR,18.9979466119,,,6-1 6-2 6-1,5,RR,,,,,,,,,,,,,,,,,,,
2005-D029,Davis Cup G1 PO: PER vs PAR,Clay,4,D,20050923,3,104342,,,Matias Silva,U,,PER,21.4702258727,,,108930,,,Juan Carlos Ramirez,U,,PAR,16.8158795346,,,6-3 2-0 RET,5,RR,,,,,,,,,,,,,,,,,,,
2005-D029,Davis Cup G1 PO: PER vs PAR,Clay,4,D,20050923,4,105273,,,Mauricio Echazu,U,,PER,16.6598220397,,,108931,,,Enzo Pigola,U,,PAR,18.9979466119,,,6-4 6-4,3,RR,,,,,,,,,,,,,,,,,,,
2005-D030,Davis Cup G1 R1: SCG vs ZIM,Clay,4,D,20050304,1,104925,,,Novak Djokovic,R,188,SRB,17.7741273101,160,283,103413,,,Genius Chidzikwe,R,,ZIM,25.5742642026,950,8,6-4 6-0 6-4,5,RR,,,,,,,,,,,,,,,,,,,
2005-D030,Davis Cup G1 R1: SCG vs ZIM,Clay,4,D,20050304,2,104386,,,Janko Tipsarevic,R,180,SRB,20.6872005476,101,432,102267,,,Gwinyai Tongoona,U,,ZIM,31.3867214237,1478,1,6-3 6-2 6-1,5,RR,,,,,,,,,,,,,,,,,,,
2005-D030,Davis Cup G1 R1: SCG vs ZIM,Clay,4,D,20050304,3,104386,,,Janko Tipsarevic,R,180,SRB,20.6872005476,101,432,108901,,,Zibusiso Ncube,U,,ZIM,26.3299110198,,,6-0 6-2,3,RR,,,,,,,,,,,,,,,,,,,
2005-D030,Davis Cup G1 R1: SCG vs ZIM,Clay,4,D,20050304,4,104925,,,Novak Djokovic,R,188,SRB,17.7741273101,160,283,108932,,,Pfungwa Mahefu,U,,ZIM,22.5708418891,,,6-1 6-2,3,RR,,,,,,,,,,,,,,,,,,,
2005-D031,Davis Cup G1 R1: LUX vs ITA,Hard,4,D,20050304,1,103110,,,Daniele Bracciali,R,180,ITA,27.1348391513,142,326,104180,,,Gilles Muller,L,193,LUX,21.8097193703,68,574,7-6(4) 6-7(4) 6-4 6-4,5,RR,,,,,,,,,,,,,,,,,,,
2005-D031,Davis Cup G1 R1: LUX vs ITA,Hard,4,D,20050304,2,103808,,,Potito Starace,R,188,ITA,23.627652293,66,579,103877,,,Mike Scheidweiler,R,188,LUX,23.2908966461,1167,4,6-3 6-1 6-2,5,RR,,,,,,,,,,,,,,,,,,,
2005-D031,Davis Cup G1 R1: LUX vs ITA,Hard,4,D,20050304,3,103808,,,Potito Starace,R,188,ITA,23.627652293,66,579,107098,,,Gilles Kremer,R,,LUX,,1077,6,6-4 6-2,3,RR,,,,,,,,,,,,,,,,,,,
2005-D031,Davis Cup G1 R1: LUX vs ITA,Hard,4,D,20050304,4,104312,,,Andreas Seppi,R,190,ITA,21.0212183436,152,310,107552,,,Laurent Bram,U,,LUX,20.9144421629,,,7-6(4) 6-3,3,RR,,,,,,,,,,,,,,,,,,,
2005-D032,Davis Cup G1 R2: ISR vs GBR,Hard,4,D,20050304,1,102257,,,Greg Rusedski,L,193,GBR,31.4798083504,46,845,103248,,,Harel Levy,R,185,ISR,26.5681040383,256,154,6-4 6-3 6-0,5,RR,,,,,,,,,,,,,,,,,,,
2005-D032,Davis Cup G1 R2: ISR vs GBR,Hard,4,D,20050304,2,103174,,,Noam Okun,R,185,ISR,26.8720054757,153,310,104372,,,Alex Bogdanovic,L,183,GBR,20.772073922,173,262,7-6(3) 6-2 6-2,5,RR,,,,,,,,,,,,,,,,,,,
2005-D032,Davis Cup G1 R2: ISR vs GBR,Hard,4,D,20050304,3,102257,,,Greg Rusedski,L,193,GBR,31.4798083504,46,845,103174,,,Noam Okun,R,185,ISR,26.8720054757,153,310,6-3 6-4 6-2,5,RR,,,,,,,,,,,,,,,,,,,
2005-D032,Davis Cup G1 R2: ISR vs GBR,Hard,4,D,20050304,4,103248,,,Harel Levy,R,185,ISR,26.5681040383,256,154,103559,,,David Sherwood,R,193,GBR,24.8158795346,275,140,6-7(1) 6-4 6-3,3,RR,,,,,,,,,,,,,,,,,,,
2005-D033,Davis Cup G1 R2: SCG vs BEL,Clay,4,D,20050429,1,104386,,,Janko Tipsarevic,R,180,SRB,20.8405201916,91,453,103294,,,Christophe Rochus,R,170,BEL,26.3600273785,66,570,2-6 4-6 7-5 6-4 6-1,5,RR,,,,,,,,,,,,,,,,,,,
2005-D033,Davis Cup G1 R2: SCG vs BEL,Clay,4,D,20050429,2,103694,,,Olivier Rochus,R,168,BEL,24.2655715264,33,991,104925,,,Novak Djokovic,R,188,SRB,17.9274469541,142,304,1-6 7-5 6-7(3) 6-1 6-3,5,RR,,,,,,,,,,,,,,,,,,,
2005-D033,Davis Cup G1 R2: SCG vs BEL,Clay,4,D,20050429,3,104386,,,Janko Tipsarevic,R,180,SRB,20.8405201916,91,453,103694,,,Olivier Rochus,R,168,BEL,24.2655715264,33,991,6-7(8) 3-6 7-6(3) 6-2 6-4,5,RR,,,,,,,,,,,,,,,,,,,
2005-D033,Davis Cup G1 R2: SCG vs BEL,Clay,4,D,20050429,4,104019,,,Kristof Vliegen,R,193,BEL,22.841889117,104,422,104925,,,Novak Djokovic,R,188,SRB,17.9274469541,142,304,6-3 6-3 3-6 6-2,5,RR,,,,,,,,,,,,,,,,,,,
2005-D034,Davis Cup G1 R2: ITA vs MAR,Clay,4,D,20050428,1,103808,,,Potito Starace,R,188,ITA,23.780971937,62,616,103007,,,Mounir El Aarej,R,,MAR,27.8576317591,366,89,6-0 3-6 7-5 6-0,5,RR,,,,,,,,,,,,,,,,,,,
2005-D034,Davis Cup G1 R2: ITA vs MAR,Clay,4,D,20050428,2,103835,,,Filippo Volandri,R,183,ITA,23.6358658453,31,1060,101962,,,Younes El Aynaoui,R,193,MAR,33.6180698152,555,40,6-2 6-4 6-1,5,RR,,,,,,,,,,,,,,,,,,,
2005-D034,Davis Cup G1 R2: ITA vs MAR,Clay,4,D,20050428,3,103007,,,Mounir El Aarej,R,,MAR,27.8576317591,366,89,103835,,,Filippo Volandri,R,183,ITA,23.6358658453,31,1060,6-3 1-6 6-1,3,RR,,,,,,,,,,,,,,,,,,,
2005-D034,Davis Cup G1 R2: ITA vs MAR,Clay,4,D,20050428,4,103808,,,Potito Starace,R,188,ITA,23.780971937,62,616,103029,,,Mehdi Tahiri,R,183,MAR,27.742642026,535,43,6-1 3-6 6-4,3,RR,,,,,,,,,,,,,,,,,,,
2005-D035,Davis Cup G1 R2: RSA vs GER,Hard,4,D,20050304,1,103017,,,Nicolas Kiefer,R,183,GER,27.65229295,30,1140,103325,,,Wesley Moodie,R,196,RSA,26.0396988364,112,384,4-6 6-7(3) 7-6(4) 6-3 6-2,5,RR,,,,,,,,,,,,,,,,,,,
2005-D035,Davis Cup G1 R2: RSA vs GER,Hard,4,D,20050304,2,103163,,,Tommy Haas,R,188,GER,26.9075975359,16,1420,101965,,,Wayne Ferreira,R,185,RSA,33.4565366188,249,160,6-3 6-0 7-6(3),5,RR,,,,,,,,,,,,,,,,,,,
2005-D035,Davis Cup G1 R2: RSA vs GER,Hard,4,D,20050304,3,103325,,,Wesley Moodie,R,196,RSA,26.0396988364,112,384,103163,,,Tommy Haas,R,188,GER,26.9075975359,16,1420,6-7(5) 6-2 4-6 6-3 10-8,5,RR,,,,,,,,,,,,,,,,,,,
2005-D035,Davis Cup G1 R2: RSA vs GER,Hard,4,D,20050304,4,102783,,,Rainer Schuettler,R,180,GER,28.8459958932,40,915,101965,,,Wayne Ferreira,R,185,RSA,33.4565366188,249,160,6-1 6-2 6-4,5,RR,,,,,,,,,,,,,,,,,,,
2005-D036,Davis Cup G1 PO: LUX vs MAR,Hard,4,D,20050715,1,103029,,,Mehdi Tahiri,R,183,MAR,27.9534565366,497,50,104180,,,Gilles Muller,L,193,LUX,22.173853525,70,544,6-7(9) 6-4 7-6(1) 6-7(2) 6-4,5,RR,,,,,,,,,,,,,,,,,,,
2005-D036,Davis Cup G1 PO: LUX vs MAR,Hard,4,D,20050715,2,107098,,,Gilles Kremer,R,,LUX,,1294,3,103007,,,Mounir El Aarej,R,,MAR,28.0684462697,368,85,6-3 7-5 6-4,5,RR,,,,,,,,,,,,,,,,,,,
2005-D036,Davis Cup G1 PO: LUX vs MAR,Hard,4,D,20050715,3,104180,,,Gilles Muller,L,193,LUX,22.173853525,70,544,103007,,,Mounir El Aarej,R,,MAR,28.0684462697,368,85,6-3 6-4 6-7(4) 6-3,5,RR,,,,,,,,,,,,,,,,,,,
2005-D036,Davis Cup G1 PO: LUX vs MAR,Hard,4,D,20050715,4,103029,,,Mehdi Tahiri,R,183,MAR,27.9534565366,497,50,107552,,,Laurent Bram,U,,LUX,21.2785763176,1479,1,7-5 6-4,3,RR,,,,,,,,,,,,,,,,,,,
2005-D037,Davis Cup G1 PO: ZIM vs ISR,Hard,4,D,20050923,1,102286,,,Wayne Black,R,170,ZIM,31.8466803559,,,104534,,,Dudi Sela,R,175,ISR,20.4599589322,160,254,6-1 7-6(4) 6-7(2) 6-3,5,RR,,,,,,,,,,,,,,,,,,,
2005-D037,Davis Cup G1 PO: ZIM vs ISR,Hard,4,D,20050923,2,103174,,,Noam Okun,R,185,ISR,27.4277891855,180,231,103413,,,Genius Chidzikwe,R,,ZIM,26.1300479124,734,20,6-2 7-6(3) 6-3,5,RR,,,,,,,,,,,,,,,,,,,
2005-D037,Davis Cup G1 PO: ZIM vs ISR,Hard,4,D,20050923,3,104534,,,Dudi Sela,R,175,ISR,20.4599589322,160,254,103413,,,Genius Chidzikwe,R,,ZIM,26.1300479124,734,20,6-4 6-4 6-3,5,RR,,,,,,,,,,,,,,,,,,,
2005-D037,Davis Cup G1 PO: ZIM vs ISR,Hard,4,D,20050923,4,103174,,,Noam Okun,R,185,ISR,27.4277891855,180,231,108628,,,Jhonnatan Medina Alvarez,U,,VEN,23.6851471595,,,6-0 6-2,3,RR,,,,,,,,,,,,,,,,,,,
2005-D038,Davis Cup G1 PO: MAR vs RSA,Clay,4,D,20050923,1,103007,,,Mounir El Aarej,R,,MAR,28.2600958248,405,71,103198,,,Justin Bower,L,190,RSA,27.3264887064,417,67,6-4 6-4 3-6 4-6 8-6,5,RR,,,,,,,,,,,,,,,,,,,
2005-D038,Davis Cup G1 PO: MAR vs RSA,Clay,4,D,20050923,2,103029,,,Mehdi Tahiri,R,183,MAR,28.1451060917,662,27,103573,,,Rik De Voest,R,180,RSA,25.2895277207,214,178,2-6 6-2 6-4 4-6 6-2,5,RR,,,,,,,,,,,,,,,,,,,
2005-D038,Davis Cup G1 PO: MAR vs RSA,Clay,4,D,20050923,3,103007,,,Mounir El Aarej,R,,MAR,28.2600958248,405,71,103573,,,Rik De Voest,R,180,RSA,25.2895277207,214,178,6-3 6-4 7-5,5,RR,,,,,,,,,,,,,,,,,,,
2005-D038,Davis Cup G1 PO: MAR vs RSA,Clay,4,D,20050923,4,103029,,,Mehdi Tahiri,R,183,MAR,28.1451060917,662,27,103198,,,Justin Bower,L,190,RSA,27.3264887064,417,67,7-5 7-6(2),3,RR,,,,,,,,,,,,,,,,,,,
2005-D039,Davis Cup G1 R1: PAK vs THA,Grass,4,D,20050304,1,103529,,,Aisam Ul Haq Qureshi,R,183,PAK,24.9527720739,214,195,103821,,,Danai Udomchoke,R,173,THA,23.5509924709,209,200,6-2 7-5 6-7(5) 7-6(5),5,RR,,,,,,,,,,,,,,,,,,,
2005-D039,Davis Cup G1 R1: PAK vs THA,Grass,4,D,20050304,2,103387,,,Paradorn Srichaphan,R,185,THA,25.711156742,33,1015,103499,,,Aqeel Khan,R,,PAK,25.0814510609,375,81,6-4 1-6 7-6(3) 6-1,5,RR,,,,,,,,,,,,,,,,,,,
2005-D039,Davis Cup G1 R1: PAK vs THA,Grass,4,D,20050304,3,103529,,,Aisam Ul Haq Qureshi,R,183,PAK,24.9527720739,214,195,103387,,,Paradorn Srichaphan,R,185,THA,25.711156742,33,1015,7-5 2-6 6-4 6-4,5,RR,,,,,,,,,,,,,,,,,,,
2005-D039,Davis Cup G1 R1: PAK vs THA,Grass,4,D,20050304,4,103821,,,Danai Udomchoke,R,173,THA,23.5509924709,209,200,108896,,,Shahzad Khan,U,,PAK,18.2368240931,1246,3,6-3 7-6(1),3,RR,,,,,,,,,,,,,,,,,,,
2005-D040,Davis Cup G1 R1: TPE vs JPN,Hard,4,D,20050304,1,104229,,,Yen Hsun Lu,R,180,TPE,21.5441478439,116,378,102300,,,Gouichi Motomura,R,173,JPN,31.1786447639,217,190,3-6 6-3 6-0 4-6 6-4,5,RR,,,,,,,,,,,,,,,,,,,
2005-D040,Davis Cup G1 R1: TPE vs JPN,Hard,4,D,20050304,2,102863,,,Takao Suzuki,R,175,JPN,28.4407939767,169,265,104499,,,Jimmy Wang,R,178,TPE,20.0547570157,183,238,6-4 6-1 6-1,5,RR,,,,,,,,,,,,,,,,,,,
2005-D040,Davis Cup G1 R1: TPE vs JPN,Hard,4,D,20050304,3,104229,,,Yen Hsun Lu,R,180,TPE,21.5441478439,116,378,102863,,,Takao Suzuki,R,175,JPN,28.4407939767,169,265,5-7 6-4 6-3 7-6(1),5,RR,,,,,,,,,,,,,,,,,,,
2005-D040,Davis Cup G1 R1: TPE vs JPN,Hard,4,D,20050304,4,104499,,,Jimmy Wang,R,178,TPE,20.0547570157,183,238,102300,,,Gouichi Motomura,R,173,JPN,31.1786447639,217,190,7-6(4) 7-5 4-6 7-6(2),5,RR,,,,,,,,,,,,,,,,,,,
2005-D041,Davis Cup G1 R1: INA vs UZB,Hard,4,D,20050304,1,104797,,,Denis Istomin,R,188,UZB,18.4777549624,756,18,102843,,,Suwandi Suwandi,R,178,INA,28.5229295003,818,13,6-3 6-2 6-4,5,RR,,,,,,,,,,,,,,,,,,,
2005-D041,Davis Cup G1 R1: INA vs UZB,Hard,4,D,20050304,2,103865,,,Prima Simpatiaji,U,,INA,23.370294319,990,7,104736,,,Farrukh Dustov,R,196,UZB,18.7734428474,334,101,6-1 6-2 6-4,5,RR,,,,,,,,,,,,,,,,,,,
2005-D041,Davis Cup G1 R1: INA vs UZB,Hard,4,D,20050304,3,104736,,,Farrukh Dustov,R,196,UZB,18.7734428474,334,101,102843,,,Suwandi Suwandi,R,178,INA,28.5229295003,818,13,7-5 7-5 4-6 2-6 6-3,5,RR,,,,,,,,,,,,,,,,,,,
2005-D041,Davis Cup G1 R1: INA vs UZB,Hard,4,D,20050304,4,104797,,,Denis Istomin,R,188,UZB,18.4777549624,756,18,103865,,,Prima Simpatiaji,U,,INA,23.370294319,990,7,7-6(7) 7-6(5) 6-0,5,RR,,,,,,,,,,,,,,,,,,,
2005-D042,Davis Cup G1 R1: IND vs CHN,Grass,4,D,20050304,1,103468,,,Harsh Mankad,R,173,IND,25.3032169747,301,122,104261,,,Peng Sun,R,,CHN,21.363449692,337,99,7-5 6-3 6-2,5,RR,,,,,,,,,,,,,,,,,,,
2005-D042,Davis Cup G1 R1: IND vs CHN,Grass,4,D,20050304,2,104250,,,Prakash Amritraj,R,188,IND,21.4099931554,361,87,103817,,,Yu Jr Wang,L,,CHN,23.5783709788,409,68,6-3 6-4 6-2,5,RR,,,,,,,,,,,,,,,,,,,
2005-D042,Davis Cup G1 R1: IND vs CHN,Grass,4,D,20050304,3,104250,,,Prakash Amritraj,R,188,IND,21.4099931554,361,87,104261,,,Peng Sun,R,,CHN,21.363449692,337,99,6-2 6-4,3,RR,,,,,,,,,,,,,,,,,,,
2005-D042,Davis Cup G1 R1: IND vs CHN,Grass,4,D,20050304,4,103468,,,Harsh Mankad,R,173,IND,25.3032169747,301,122,104294,,,Hao Lu,R,,CHN,21.0814510609,720,20,6-2 6-3,3,RR,,,,,,,,,,,,,,,,,,,
2005-D043,Davis Cup G1 R2: PAK vs TPE,Grass,4,D,20050429,1,103529,,,Aisam Ul Haq Qureshi,R,183,PAK,25.106091718,212,190,104499,,,Jimmy Wang,R,178,TPE,20.2080766598,159,282,6-2 6-1 6-3,5,RR,,,,,,,,,,,,,,,,,,,
2005-D043,Davis Cup G1 R2: PAK vs TPE,Grass,4,D,20050429,2,104229,,,Yen Hsun Lu,R,180,TPE,21.697467488,180,248,103499,,,Aqeel Khan,R,,PAK,25.234770705,370,85,7-6(4) 4-6 7-5 7-6(5),5,RR,,,,,,,,,,,,,,,,,,,
2005-D043,Davis Cup G1 R2: PAK vs TPE,Grass,4,D,20050429,3,103529,,,Aisam Ul Haq Qureshi,R,183,PAK,25.106091718,212,190,104229,,,Yen Hsun Lu,R,180,TPE,21.697467488,180,248,6-3 6-4 6-3,5,RR,,,,,,,,,,,,,,,,,,,
2005-D043,Davis Cup G1 R2: PAK vs TPE,Grass,4,D,20050429,4,103499,,,Aqeel Khan,R,,PAK,25.234770705,370,85,104251,,,Ti Chen,R,183,TPE,21.5605749487,270,140,6-7(5) 6-4 6-2,3,RR,,,,,,,,,,,,,,,,,,,
2005-D044,Davis Cup G1 R2: IND vs UZB,Grass,4,D,20050429,1,102233,,,Leander Paes,R,178,IND,31.8548939083,1074,5,104736,,,Farrukh Dustov,R,196,UZB,18.9267624914,332,104,7-6(4) 6-2 6-0,5,RR,,,,,,,,,,,,,,,,,,,
2005-D044,Davis Cup G1 R2: IND vs UZB,Grass,4,D,20050429,2,104250,,,Prakash Amritraj,R,188,IND,21.5633127995,293,123,104797,,,Denis Istomin,R,188,UZB,18.6310746064,525,44,6-3 6-2 6-2,5,RR,,,,,,,,,,,,,,,,,,,
2005-D044,Davis Cup G1 R2: IND vs UZB,Grass,4,D,20050429,3,104250,,,Prakash Amritraj,R,188,IND,21.5633127995,293,123,104736,,,Farrukh Dustov,R,196,UZB,18.9267624914,332,104,6-7(4) 6-4 6-2,3,RR,,,,,,,,,,,,,,,,,,,
2005-D044,Davis Cup G1 R2: IND vs UZB,Grass,4,D,20050429,4,103468,,,Harsh Mankad,R,173,IND,25.4565366188,245,160,104454,,,Murad Inoyatov,U,,UZB,20.4462696783,743,19,7-5 6-1,3,RR,,,,,,,,,,,,,,,,,,,
2005-D045,Davis Cup G1 PO: JPN vs THA,Carpet,4,D,20050715,1,102863,,,Takao Suzuki,R,175,JPN,28.8049281314,169,247,103821,,,Danai Udomchoke,R,173,THA,23.9151266256,139,310,6-7(5) 6-4 1-6 7-5 6-4,5,RR,,,,,,,,,,,,,,,,,,,
2005-D045,Davis Cup G1 PO: JPN vs THA,Carpet,4,D,20050715,2,103387,,,Paradorn Srichaphan,R,185,THA,26.0752908966,43,800,102300,,,Gouichi Motomura,R,173,JPN,31.5427789185,263,139,6-4 7-6(2) 6-0,5,RR,,,,,,,,,,,,,,,,,,,
2005-D045,Davis Cup G1 PO: JPN vs THA,Carpet,4,D,20050715,3,102863,,,Takao Suzuki,R,175,JPN,28.8049281314,169,247,103387,,,Paradorn Srichaphan,R,185,THA,26.0752908966,43,800,6-2 6-4 6-4,5,RR,,,,,,,,,,,,,,,,,,,
2005-D045,Davis Cup G1 PO: JPN vs THA,Carpet,4,D,20050715,4,104424,,,Go Soeda,R,178,JPN,20.8459958932,351,91,103920,,,Sanchai Ratiwatana,R,175,THA,23.4633812457,1147,4,6-3 6-3,3,RR,,,,,,,,,,,,,,,,,,,
2005-D046,Davis Cup G1 PO: CHN vs INA,Hard,4,D,20050715,1,104261,,,Peng Sun,R,,CHN,21.7275838467,300,118,102843,,,Suwandi Suwandi,R,178,INA,28.887063655,678,24,6-3 6-2 6-4,5,RR,,,,,,,,,,,,,,,,,,,
2005-D046,Davis Cup G1 PO: CHN vs INA,Hard,4,D,20050715,2,103817,,,Yu Jr Wang,L,,CHN,23.9425051335,509,48,103865,,,Prima Simpatiaji,U,,INA,23.7344284736,661,26,6-4 6-0 6-4,5,RR,,,,,,,,,,,,,,,,,,,
2005-D046,Davis Cup G1 PO: CHN vs INA,Hard,4,D,20050715,3,103865,,,Prima Simpatiaji,U,,INA,23.7344284736,661,26,104294,,,Hao Lu,R,,CHN,21.4455852156,603,33,2-2 Played and abandoned,5,RR,,,,,,,,,,,,,,,,,,,
2005-D046,Davis Cup G1 PO: CHN vs INA,Hard,4,D,20050715,4,104501,,,Xin Yuan Yu,L,,CHN,20.4052019165,692,22,102843,,,Suwandi Suwandi,R,178,INA,28.887063655,678,24,7-6(4) 6-3,3,RR,,,,,,,,,,,,,,,,,,,
2005-D047,Davis Cup G1 PO: THA vs INA,Hard,4,D,20050923,1,103387,,,Paradorn Srichaphan,R,185,THA,26.2669404517,56,700,104909,,,Sunu Wahyu Trijati,U,,INA,18.4010951403,1010,8,6-1 6-4 6-2,5,RR,,,,,,,,,,,,,,,,,,,
2005-D047,Davis Cup G1 PO: THA vs INA,Hard,4,D,20050923,2,103821,,,Danai Udomchoke,R,173,THA,24.1067761807,144,295,103865,,,Prima Simpatiaji,U,,INA,23.9260780287,647,28,6-2 6-3 6-4,5,RR,,,,,,,,,,,,,,,,,,,
2005-D047,Davis Cup G1 PO: THA vs INA,Hard,4,D,20050923,3,103387,,,Paradorn Srichaphan,R,185,THA,26.2669404517,56,700,103865,,,Prima Simpatiaji,U,,INA,23.9260780287,647,28,6-2 6-7(5) 6-2 7-6(6),5,RR,,,,,,,,,,,,,,,,,,,
2005-D047,Davis Cup G1 PO: THA vs INA,Hard,4,D,20050923,4,103920,,,Sanchai Ratiwatana,R,175,THA,23.6550308008,1166,4,104909,,,Sunu Wahyu Trijati,U,,INA,18.4010951403,1010,8,7-6(4) 6-2,3,RR,,,,,,,,,,,,,,,,,,,
2005-D048,Davis Cup G2 R1: GHA vs FIN,Hard,4,D,20050304,1,103813,,,Jarkko Nieminen,L,185,FIN,23.6030116359,96,447,104842,,,Salifu Mohammed,U,,GHA,18.2039698836,1100,5,6-1 6-2 6-1,5,RR,,,,,,,,,,,,,,,,,,,
2005-D048,Davis Cup G2 R1: GHA vs FIN,Hard,4,D,20050304,2,102538,,,Tuomas Ketola,R,185,FIN,30.0205338809,230,175,104138,,,Henry Adjei Darko,U,,GHA,22.0013689254,549,40,7-6(4) 5-7 6-1 4-0 RET,5,RR,,,,,,,,,,,,,,,,,,,
2005-D048,Davis Cup G2 R1: GHA vs FIN,Hard,4,D,20050304,3,103813,,,Jarkko Nieminen,L,185,FIN,23.6030116359,96,447,104138,,,Henry Adjei Darko,U,,GHA,22.0013689254,549,40,6-2 6-4,3,RR,,,,,,,,,,,,,,,,,,,
2005-D048,Davis Cup G2 R1: GHA vs FIN,Hard,4,D,20050304,4,102538,,,Tuomas Ketola,R,185,FIN,30.0205338809,230,175,104842,,,Salifu Mohammed,U,,GHA,18.2039698836,1100,5,6-1 6-3,3,RR,,,,,,,,,,,,,,,,,,,
2005-D049,Davis Cup G2 R1: BUL vs GEO,Carpet,4,D,20050304,1,104569,,,Lado Chikhladze,U,,GEO,19.7070499658,761,17,103296,,,Ivaylo Traykov,R,188,BUL,26.2012320329,779,16,7-6(5) 3-6 7-6(3) 6-3,5,RR,,,,,,,,,,,,,,,,,,,
2005-D049,Davis Cup G2 R1: BUL vs GEO,Carpet,4,D,20050304,2,103936,,,Todor Enev,R,,BUL,23.0554414784,342,97,103937,,,Irakli Ushangishvili,U,,GEO,23.0527036277,990,7,6-2 6-3 6-2,5,RR,,,,,,,,,,,,,,,,,,,
2005-D049,Davis Cup G2 R1: BUL vs GEO,Carpet,4,D,20050304,3,103936,,,Todor Enev,R,,BUL,23.0554414784,342,97,104569,,,Lado Chikhladze,U,,GEO,19.7070499658,761,17,6-1 6-2 5-7 6-4,5,RR,,,,,,,,,,,,,,,,,,,
2005-D049,Davis Cup G2 R1: BUL vs GEO,Carpet,4,D,20050304,4,103296,,,Ivaylo Traykov,R,188,BUL,26.2012320329,779,16,108926,,,David Kvernadze,U,,GEO,19.1567419576,,,6-2 6-7(7) 7-6(0),3,RR,,,,,,,,,,,,,,,,,,,
2005-D050,Davis Cup G2 R1: HUN vs MON,Hard,4,D,20050304,1,102737,,,Gergely Kisgyorgy,R,,HUN,28.977412731,963,7,104112,,,Benjamin Balleret,R,185,MON,22.12183436,468,54,6-4 2-6 6-4 4-6 6-1,5,RR,,,,,,,,,,,,,,,,,,,
2005-D050,Davis Cup G2 R1: HUN vs MON,Hard,4,D,20050304,2,104247,,,Sebo Kiss,U,,HUN,21.4428473648,685,24,101855,,,Emmanuel Heussner,R,,MON,34.0698151951,,,7-6(8) 5-7 6-2 7-6(2),5,RR,,,,,,,,,,,,,,,,,,,
2005-D050,Davis Cup G2 R1: HUN vs MON,Hard,4,D,20050304,3,102696,,,Guillaume Couillard,R,,MON,29.2210814511,737,19,104775,,,Adam Kellner,U,,HUN,18.5790554415,1246,3,4-6 6-4 6-3,3,RR,,,,,,,,,,,,,,,,,,,
2005-D050,Davis Cup G2 R1: HUN vs MON,Hard,4,D,20050304,4,104875,,,Denes Lukacs,R,180,HUN,18.0095824778,,,108934,,,Thomas Drouet,U,,MON,21.787816564,,,6-4 6-2,3,RR,,,,,,,,,,,,,,,,,,,
2005-D051,Davis Cup G2 R1: UKR vs NOR,Carpet,4,D,20050304,1,102107,,,Jan Frode Andersen,L,190,NOR,32.501026694,225,183,104869,,,Sergei Bubka,R,,UKR,18.0506502396,1167,4,7-6(5) 6-3 7-5,5,RR,,,,,,,,,,,,,,,,,,,
2005-D051,Davis Cup G2 R1: UKR vs NOR,Carpet,4,D,20050304,2,103824,,,Orest Tereshchuk,U,,UKR,23.5318275154,515,45,103899,,,Stian Boretti,R,188,NOR,23.1923340178,876,10,7-5 6-7(5) 6-4 6-7(4) 6-2,5,RR,,,,,,,,,,,,,,,,,,,
2005-D051,Davis Cup G2 R1: UKR vs NOR,Carpet,4,D,20050304,3,104086,,,Mikhail Filima,U,,UKR,22.2833675565,719,20,102107,,,Jan Frode Andersen,L,190,NOR,32.501026694,225,183,2-6 6-7(2) 6-2 7-6(6) 8-6,5,RR,,,,,,,,,,,,,,,,,,,
2005-D051,Davis Cup G2 R1: UKR vs NOR,Carpet,4,D,20050304,4,104869,,,Sergei Bubka,R,,UKR,18.0506502396,1167,4,108935,,,Marius Tangen,U,,NOR,18.7570157426,,,7-5 6-1,3,RR,,,,,,,,,,,,,,,,,,,
2005-D052,Davis Cup G2 R1: EST vs POR,Carpet,4,D,20050304,1,104523,,,Frederico Gil,R,178,POR,19.9342915811,639,28,104063,,,Mait Kunnap,U,,EST,22.4339493498,906,9,7-6(7) 6-4 6-2,5,RR,,,,,,,,,,,,,,,,,,,
2005-D052,Davis Cup G2 R1: EST vs POR,Carpet,4,D,20050304,2,104311,,,Leonardo Tavares,R,,POR,21.0239561944,427,63,108602,,,Alti Vahkal,U,,EST,30.970568104,,,3-6 2-6 6-2 7-6(5) 6-4,5,RR,,,,,,,,,,,,,,,,,,,
2005-D052,Davis Cup G2 R1: EST vs POR,Carpet,4,D,20050304,3,108607,,,Andrei Luzgin,U,,EST,32.0711841205,1311,2,104349,,,Rui Machado,R,178,POR,20.887063655,333,101,5-7 6-4 6-3,3,RR,,,,,,,,,,,,,,,,,,,
2005-D052,Davis Cup G2 R1: EST vs POR,Carpet,4,D,20050304,4,104383,,,Diogo Rocha,U,,POR,20.7091033539,638,28,108936,,,Oskar Saarne,U,,EST,19.9397672827,,,6-3 6-2,3,RR,,,,,,,,,,,,,,,,,,,
2005-D053,Davis Cup G2 R1: ALG vs POL,Clay,4,D,20050304,1,103997,,,Lukasz Kubot,R,190,POL,22.7898699521,204,207,104467,,,Lamine Ouahab,R,185,ALG,20.1861738535,456,56,6-2 7-6(4) 6-1,5,RR,,,,,,,,,,,,,,,,,,,
2005-D053,Davis Cup G2 R1: ALG vs POL,Clay,4,D,20050304,2,102630,,,Slimane Saoudi,L,,ALG,29.6043805613,451,58,103586,,,Mariusz Fyrstenberg,L,193,POL,24.643394935,1478,1,3-6 6-3 7-6(2) 6-4,5,RR,,,,,,,,,,,,,,,,,,,
2005-D053,Davis Cup G2 R1: ALG vs POL,Clay,4,D,20050304,3,103997,,,Lukasz Kubot,R,190,POL,22.7898699521,204,207,102630,,,Slimane Saoudi,L,,ALG,29.6043805613,451,58,5-7 1-6 6-2 6-3 6-0,5,RR,,,,,,,,,,,,,,,,,,,
2005-D053,Davis Cup G2 R1: ALG vs POL,Clay,4,D,20050304,4,104467,,,Lamine Ouahab,R,185,ALG,20.1861738535,456,56,103963,,,Filip Urban,R,193,POL,22.9377138946,434,62,6-2 6-3 6-4,5,RR,,,,,,,,,,,,,,,,,,,
2005-D054,Davis Cup G2 R1: SLO vs CIV,Hard,4,D,20050304,1,104813,,,Grega Zemlja,R,183,SLO,18.417522245,608,32,103568,,,Valentin Sanon,R,,CIV,24.7775496235,506,46,6-4 6-4 7-5,5,RR,,,,,,,,,,,,,,,,,,,
2005-D054,Davis Cup G2 R1: SLO vs CIV,Hard,4,D,20050304,2,104046,,,Bostjan Osabnik,U,,SLO,22.5626283368,443,61,102556,,,Claude Ngoran,L,190,CIV,29.9520876112,967,7,6-1 6-0 2-6 6-7(5) 6-2,5,RR,,,,,,,,,,,,,,,,,,,
2005-D054,Davis Cup G2 R1: SLO vs CIV,Hard,4,D,20050304,3,104305,,,Luka Gregorc,R,,SLO,21.0403832991,806,14,103568,,,Valentin Sanon,R,,CIV,24.7775496235,506,46,6-4 6-3,3,RR,,,,,,,,,,,,,,,,,,,
2005-D054,Davis Cup G2 R1: SLO vs CIV,Hard,4,D,20050304,4,104582,,,Rok Jarc,U,,SLO,19.6112251882,877,10,104689,,,Terence Nugent,R,,CIV,18.9979466119,,,6-2 6-0,3,RR,,,,,,,,,,,,,,,,,,,
2005-D055,Davis Cup G2 R1: LAT vs GRE,Carpet,4,D,20050304,1,104557,,,Andis Juska,R,,LAT,19.7727583847,357,88,103077,,,Konstantinos Economidis,R,188,GRE,27.3237508556,359,88,7-6(3) 7-6(2) 2-6 6-2,5,RR,,,,,,,,,,,,,,,,,,,
2005-D055,Davis Cup G2 R1: LAT vs GRE,Carpet,4,D,20050304,2,103505,,,Vasilis Mazarakis,R,178,GRE,25.054072553,246,162,105208,,,Ernests Gulbis,R,190,LAT,16.4982888433,1356,2,6-3 6-4 6-3,5,RR,,,,,,,,,,,,,,,,,,,
2005-D055,Davis Cup G2 R1: LAT vs GRE,Carpet,4,D,20050304,3,104557,,,Andis Juska,R,,LAT,19.7727583847,357,88,103505,,,Vasilis Mazarakis,R,178,GRE,25.054072553,246,162,6-2 6-3 7-5,5,RR,,,,,,,,,,,,,,,,,,,
2005-D055,Davis Cup G2 R1: LAT vs GRE,Carpet,4,D,20050304,4,104162,,,Deniss Pavlovs,U,,LAT,21.8754277892,746,18,103891,,,Alexandros Jakupovic,R,,GRE,23.2087611225,882,10,6-1 6-2,3,RR,,,,,,,,,,,,,,,,,,,
2005-D056,Davis Cup G2 R2: FIN vs BUL,Clay,4,D,20050715,1,103936,,,Todor Enev,R,,BUL,23.4195756331,343,95,102538,,,Tuomas Ketola,R,185,FIN,30.3846680356,210,185,3-6 6-4 6-1 3-6 8-6,5,RR,,,,,,,,,,,,,,,,,,,
2005-D056,Davis Cup G2 R2: FIN vs BUL,Clay,4,D,20050715,2,103813,,,Jarkko Nieminen,L,185,FIN,23.9671457906,67,557,103986,,,Radoslav Lukaev,R,,BUL,23.2142368241,515,46,7-6(4) 6-3 6-2,5,RR,,,,,,,,,,,,,,,,,,,
2005-D056,Davis Cup G2 R2: FIN vs BUL,Clay,4,D,20050715,3,103813,,,Jarkko Nieminen,L,185,FIN,23.9671457906,67,557,103666,,,Ilia Kushev,U,,BUL,24.5749486653,436,63,6-3 7-5 6-2,5,RR,,,,,,,,,,,,,,,,,,,
2005-D056,Davis Cup G2 R2: FIN vs BUL,Clay,4,D,20050715,4,103986,,,Radoslav Lukaev,R,,BUL,23.2142368241,515,46,102538,,,Tuomas Ketola,R,185,FIN,30.3846680356,210,185,7-6(5) 6-4 6-1,5,RR,,,,,,,,,,,,,,,,,,,
2005-D057,Davis Cup G2 R2: UKR vs HUN,Hard,4,D,20050715,1,102969,,,Sergei Yaroshenko,R,,UKR,28.2628336756,586,35,102737,,,Gergely Kisgyorgy,R,,HUN,29.3415468857,982,7,6-3 6-4 6-7(4) 6-3,5,RR,,,,,,,,,,,,,,,,,,,
2005-D057,Davis Cup G2 R2: UKR vs HUN,Hard,4,D,20050715,2,103824,,,Orest Tereshchuk,U,,UKR,23.8959616701,774,16,103229,,,Kornel Bardoczky,R,,HUN,27.0171115674,466,56,6-4 6-2 3-6 2-6 6-3,5,RR,,,,,,,,,,,,,,,,,,,
2005-D057,Davis Cup G2 R2: UKR vs HUN,Hard,4,D,20050715,3,103229,,,Kornel Bardoczky,R,,HUN,27.0171115674,466,56,104086,,,Mikhail Filima,U,,UKR,22.6475017112,1147,4,3-6 7-6(6) 7-6(5),3,RR,,,,,,,,,,,,,,,,,,,
2005-D057,Davis Cup G2 R2: UKR vs HUN,Hard,4,D,20050715,4,104247,,,Sebo Kiss,U,,HUN,21.8069815195,581,36,104873,,,Aleksandr Nedovyesov,R,,KAZ,18.4010951403,1187,4,7-6(4) 6-7(5) 6-4,3,RR,,,,,,,,,,,,,,,,,,,
2005-D058,Davis Cup G2 R2: POR vs ALG,Clay,4,D,20050715,1,102630,,,Slimane Saoudi,L,,ALG,29.9685147159,444,61,104349,,,Rui Machado,R,178,POR,21.2511978097,265,137,4-6 6-0 3-6 7-6(3) 6-4,5,RR,,,,,,,,,,,,,,,,,,,
2005-D058,Davis Cup G2 R2: POR vs ALG,Clay,4,D,20050715,2,104467,,,Lamine Ouahab,R,185,ALG,20.5503080082,394,74,104523,,,Frederico Gil,R,178,POR,20.2984257358,387,79,7-6(2) 6-4 6-3,5,RR,,,,,,,,,,,,,,,,,,,
2005-D058,Davis Cup G2 R2: POR vs ALG,Clay,4,D,20050715,3,104349,,,Rui Machado,R,178,POR,21.2511978097,265,137,104467,,,Lamine Ouahab,R,185,ALG,20.5503080082,394,74,6-4 6-2 6-2,5,RR,,,,,,,,,,,,,,,,,,,
2005-D058,Davis Cup G2 R2: POR vs ALG,Clay,4,D,20050715,4,104523,,,Frederico Gil,R,178,POR,20.2984257358,387,79,102630,,,Slimane Saoudi,L,,ALG,29.9685147159,444,61,4-6 6-7(5) 6-0 6-2 6-2,5,RR,,,,,,,,,,,,,,,,,,,
2005-D059,Davis Cup G2 R2: SLO vs LAT,Clay,4,D,20050715,1,102959,,,Marko Tkalec,R,178,SLO,28.3175906913,738,19,104557,,,Andis Juska,R,,LAT,20.1368925394,430,64,6-1 6-3 6-4,5,RR,,,,,,,,,,,,,,,,,,,
2005-D059,Davis Cup G2 R2: SLO vs LAT,Clay,4,D,20050715,2,104813,,,Grega Zemlja,R,183,SLO,18.7816563997,395,74,105208,,,Ernests Gulbis,R,190,LAT,16.8624229979,1086,5,5-7 6-3 6-1 6-4,5,RR,,,,,,,,,,,,,,,,,,,
2005-D059,Davis Cup G2 R2: SLO vs LAT,Clay,4,D,20050715,3,104046,,,Bostjan Osabnik,U,,SLO,22.9267624914,406,70,104162,,,Deniss Pavlovs,U,,LAT,22.2395619439,788,15,6-1 3-6 6-0,3,RR,,,,,,,,,,,,,,,,,,,
2005-D059,Davis Cup G2 R2: SLO vs LAT,Clay,4,D,20050715,4,104582,,,Rok Jarc,U,,SLO,19.9753593429,616,31,108912,,,Janis Skroderis,U,,LAT,21.9082819986,1479,1,6-4 6-2,3,RR,,,,,,,,,,,,,,,,,,,
2005-D060,Davis Cup G2 F: UKR vs BUL,Hard,4,D,20050923,1,103824,,,Orest Tereshchuk,U,,UKR,24.0876112252,538,42,103936,,,Todor Enev,R,,BUL,23.6112251882,362,83,6-2 6-4 6-3,5,RR,,,,,,,,,,,,,,,,,,,
2005-D060,Davis Cup G2 F: UKR vs BUL,Hard,4,D,20050923,2,103986,,,Radoslav Lukaev,R,,BUL,23.4058863792,455,58,102969,,,Sergei Yaroshenko,R,,UKR,28.4544832307,500,49,6-4 6-4 7-6(4),5,RR,,,,,,,,,,,,,,,,,,,
2005-D060,Davis Cup G2 F: UKR vs BUL,Hard,4,D,20050923,3,104086,,,Mikhail Filima,U,,UKR,22.8391512663,645,28,103936,,,Todor Enev,R,,BUL,23.6112251882,362,83,6-4 6-4 6-3,5,RR,,,,,,,,,,,,,,,,,,,
2005-D060,Davis Cup G2 F: UKR vs BUL,Hard,4,D,20050923,4,104869,,,Sergei Bubka,R,,UKR,18.6064339493,1137,5,104378,,,Yordan Kanev,U,,BUL,21.3032169747,929,10,6-7(7) 6-4 6-3,3,RR,,,,,,,,,,,,,,,,,,,
2005-D061,Davis Cup G2 F: POR vs SLO,Clay,4,D,20050923,1,104523,,,Frederico Gil,R,178,POR,20.4900752909,315,109,104046,,,Bostjan Osabnik,U,,SLO,23.1184120465,381,76,7-6(3) 6-1 6-1,5,RR,,,,,,,,,,,,,,,,,,,
2005-D061,Davis Cup G2 F: POR vs SLO,Clay,4,D,20050923,2,102959,,,Marko Tkalec,R,178,SLO,28.5092402464,676,25,104349,,,Rui Machado,R,178,POR,21.4428473648,252,146,6-3 4-6 6-7(5) 6-1 6-3,5,RR,,,,,,,,,,,,,,,,,,,
2005-D061,Davis Cup G2 F: POR vs SLO,Clay,4,D,20050923,3,104349,,,Rui Machado,R,178,POR,21.4428473648,252,146,104813,,,Grega Zemlja,R,183,SLO,18.9733059548,393,74,6-3 6-3 2-6 6-4,5,RR,,,,,,,,,,,,,,,,,,,
2005-D061,Davis Cup G2 F: POR vs SLO,Clay,4,D,20050923,4,104311,,,Leonardo Tavares,R,,POR,21.5797399042,523,45,102959,,,Marko Tkalec,R,178,SLO,28.5092402464,676,25,6-4 7-5,3,RR,,,,,,,,,,,,,,,,,,,
2005-D062,Davis Cup G2 PO: GHA vs GEO,Hard,4,D,20050715,1,103789,,,Irakli Labadze,L,188,GEO,24.0876112252,152,273,102802,,,Gunther Darkey,R,,GHA,29.0896646133,,,6-2 6-2 6-1,5,RR,,,,,,,,,,,,,,,,,,,
2005-D062,Davis Cup G2 PO: GHA vs GEO,Hard,4,D,20050715,2,104138,,,Henry Adjei Darko,U,,GHA,22.3655030801,426,65,104569,,,Lado Chikhladze,U,,GEO,20.0711841205,615,31,7-6(7) 6-2 6-2,5,RR,,,,,,,,,,,,,,,,,,,
2005-D062,Davis Cup G2 PO: GHA vs GEO,Hard,4,D,20050715,3,104842,,,Salifu Mohammed,U,,GHA,18.5681040383,719,20,103937,,,Irakli Ushangishvili,U,,GEO,23.4168377823,1104,5,4-6 7-5 6-3,3,RR,,,,,,,,,,,,,,,,,,,
2005-D063,Davis Cup G2 PO: NOR vs MON,Clay,4,D,20050715,1,104112,,,Benjamin Balleret,R,185,MON,22.4859685147,555,40,103899,,,Stian Boretti,R,188,NOR,23.5564681725,639,29,6-3 6-2 3-6 7-5,5,RR,,,,,,,,,,,,,,,,,,,
2005-D063,Davis Cup G2 PO: NOR vs MON,Clay,4,D,20050715,2,102107,,,Jan Frode Andersen,L,190,NOR,32.8651608487,221,175,102696,,,Guillaume Couillard,R,,MON,29.5852156057,1187,4,6-2 6-4 6-7(4) 7-6(5),5,RR,,,,,,,,,,,,,,,,,,,
2005-D063,Davis Cup G2 PO: NOR vs MON,Clay,4,D,20050715,3,102107,,,Jan Frode Andersen,L,190,NOR,32.8651608487,221,175,104112,,,Benjamin Balleret,R,185,MON,22.4859685147,555,40,6-2 6-2 6-4,5,RR,,,,,,,,,,,,,,,,,,,
2005-D063,Davis Cup G2 PO: NOR vs MON,Clay,4,D,20050715,4,103899,,,Stian Boretti,R,188,NOR,23.5564681725,639,29,102696,,,Guillaume Couillard,R,,MON,29.5852156057,1187,4,6-4 6-1,3,RR,,,,,,,,,,,,,,,,,,,
2005-D064,Davis Cup G2 PO: POL vs EST,Clay,4,D,20050715,1,103997,,,Lukasz Kubot,R,190,POL,23.1540041068,195,217,105145,,,Jaak Poldma,U,,EST,17.1526351814,,,6-0 6-1 7-6(7),5,RR,,,,,,,,,,,,,,,,,,,
2005-D064,Davis Cup G2 PO: POL vs EST,Clay,4,D,20050715,2,104360,,,Adam Chadaj,L,178,POL,21.1937029432,242,153,104063,,,Mait Kunnap,U,,EST,22.7980835044,790,15,6-3 6-3 6-4,5,RR,,,,,,,,,,,,,,,,,,,
2005-D064,Davis Cup G2 PO: POL vs EST,Clay,4,D,20050715,3,104308,,,Michal Przysiezny,R,185,POL,21.3990417522,331,101,104063,,,Mait Kunnap,U,,EST,22.7980835044,790,15,2-6 6-3 6-2,3,RR,,,,,,,,,,,,,,,,,,,
2005-D064,Davis Cup G2 PO: POL vs EST,Clay,4,D,20050715,4,104360,,,Adam Chadaj,L,178,POL,21.1937029432,242,153,108937,,,Mikk Irdoja,U,,EST,17.9849418207,,,6-2 6-1,3,RR,,,,,,,,,,,,,,,,,,,
2005-D065,Davis Cup G2 PO: GRE vs CIV,Clay,4,D,20050715,1,103077,,,Konstantinos Economidis,R,188,GRE,27.6878850103,336,99,103568,,,Valentin Sanon,R,,CIV,25.1416837782,688,23,6-4 6-3 6-2,5,RR,,,,,,,,,,,,,,,,,,,
2005-D065,Davis Cup G2 PO: GRE vs CIV,Clay,4,D,20050715,2,103505,,,Vasilis Mazarakis,R,178,GRE,25.4182067077,162,259,102556,,,Claude Ngoran,L,190,CIV,30.3162217659,,,6-2 7-6(1) 6-7(3) 6-0,5,RR,,,,,,,,,,,,,,,,,,,
2005-D065,Davis Cup G2 PO: GRE vs CIV,Clay,4,D,20050715,3,103053,,,Nikos Rovas,R,,GRE,27.8056125941,1168,4,108938,,,Charles Irie,U,,CIV,20.0109514031,,,6-1 6-1,3,RR,,,,,,,,,,,,,,,,,,,
2005-D065,Davis Cup G2 PO: GRE vs CIV,Clay,4,D,20050715,4,103891,,,Alexandros Jakupovic,R,,GRE,23.5728952772,1479,1,104689,,,Terence Nugent,R,,CIV,19.3620807666,,,6-4 3-6 6-1,3,RR,,,,,,,,,,,,,,,,,,,
2005-D066,Davis Cup G2 R1: COL vs BRA,Clay,4,D,20050304,1,103581,,,Flavio Saretta,R,183,BRA,24.6707734428,135,340,104027,,,Pablo Gonzalez,R,178,COL,22.6611909651,432,62,6-2 4-6 6-4 6-1,5,RR,,,,,,,,,,,,,,,,,,,
2005-D066,Davis Cup G2 R1: COL vs BRA,Clay,4,D,20050304,2,103672,,,Ricardo Mello,L,175,BRA,24.1889117043,54,736,103590,,,Michael Quintero,R,,COL,24.6351813826,459,55,6-3 6-4 6-3,5,RR,,,,,,,,,,,,,,,,,,,
2005-D066,Davis Cup G2 R1: COL vs BRA,Clay,4,D,20050304,3,102987,,,Andre Sa,R,185,BRA,27.8165639973,157,291,104438,,,Oscar Rodriguez Sanchez,U,,COL,20.3942505133,857,11,6-3 6-1,3,RR,,,,,,,,,,,,,,,,,,,
2005-D066,Davis Cup G2 R1: COL vs BRA,Clay,4,D,20050304,4,103946,,,Bruno Soares,R,180,BRA,23.0034223135,347,95,104531,,,Sergio Ramirez,U,,COL,19.9123887748,934,8,0-6 6-3 6-3,3,RR,,,,,,,,,,,,,,,,,,,
2005-D067,Davis Cup G2 R1: AHO vs BAH,Hard,4,D,20050304,1,104618,,,Devin Mullings,U,,BAH,19.4031485284,1478,1,108939,,,Rasid Winklaar,U,,AHO,17.0896646133,,,6-1 6-3 6-2,5,RR,,,,,,,,,,,,,,,,,,,
2005-D067,Davis Cup G2 R1: AHO vs BAH,Hard,4,D,20050304,2,103828,,,Jean Julien Rojer,R,183,AHO,23.5126625599,285,131,104270,,,Marvin Rolle,R,,BAH,21.2895277207,,,6-2 6-2 7-5,5,RR,,,,,,,,,,,,,,,,,,,
2005-D067,Davis Cup G2 R1: AHO vs BAH,Hard,4,D,20050304,3,103828,,,Jean Julien Rojer,R,183,AHO,23.5126625599,285,131,104618,,,Devin Mullings,U,,BAH,19.4031485284,1478,1,6-2 7-6(5) 6-3,5,RR,,,,,,,,,,,,,,,,,,,
2005-D067,Davis Cup G2 R1: AHO vs BAH,Hard,4,D,20050304,4,104976,,,Ryan Sweeting,R,196,USA,17.6290212183,,,108940,,,David Josepa,U,,AHO,18.8145106092,,,6-0 6-3,3,RR,,,,,,,,,,,,,,,,,,,
2005-D068,Davis Cup G2 R1: CUB vs URU,Hard,4,D,20050304,1,104395,,,Marcel Felder,R,,URU,20.6406570842,473,52,108927,,,Edgar Hernandez Perez,U,,CUB,19.6687200548,1311,2,3-6 7-5 2-6 6-4 6-1,5,RR,,,,,,,,,,,,,,,,,,,
2005-D068,Davis Cup G2 R1: CUB vs URU,Hard,4,D,20050304,2,103905,,,Ricardo Chile Fonte,U,,CUB,23.1430527036,,,104655,,,Pablo Cuevas,R,180,URU,19.1594798084,829,13,2-6 6-3 6-4 6-7(1) 6-3,5,RR,,,,,,,,,,,,,,,,,,,
2005-D068,Davis Cup G2 R1: CUB vs URU,Hard,4,D,20050304,3,104395,,,Marcel Felder,R,,URU,20.6406570842,473,52,103905,,,Ricardo Chile Fonte,U,,CUB,23.1430527036,,,3-6 7-5 6-2 2-6 6-1,5,RR,,,,,,,,,,,,,,,,,,,
2005-D068,Davis Cup G2 R1: CUB vs URU,Hard,4,D,20050304,4,104655,,,Pablo Cuevas,R,180,URU,19.1594798084,829,13,108651,,,Sandor Martinez Breijo,U,,CUB,23.9425051335,,,6-2 6-3 6-3,5,RR,,,,,,,,,,,,,,,,,,,
2005-D069,Davis Cup G2 R1: JAM vs DOM,Hard,4,D,20050304,1,104210,,,Ryan Russell,U,,JAM,21.6509240246,914,9,103607,,,Victor Estrella,R,173,DOM,24.5749486653,1478,1,6-7(4) 6-2 6-2 6-1,5,RR,,,,,,,,,,,,,,,,,,,
2005-D069,Davis Cup G2 R1: JAM vs DOM,Hard,4,D,20050304,2,103638,,,Jhonson Garcia,R,,DOM,24.4106776181,1356,2,102496,,,Scott Willinsky,R,,JAM,30.2012320329,1356,2,6-3 6-3 6-4,5,RR,,,,,,,,,,,,,,,,,,,
2005-D069,Davis Cup G2 R1: JAM vs DOM,Hard,4,D,20050304,3,104210,,,Ryan Russell,U,,JAM,21.6509240246,914,9,103638,,,Jhonson Garcia,R,,DOM,24.4106776181,1356,2,6-1 2-6 6-3 6-4,5,RR,,,,,,,,,,,,,,,,,,,
2005-D069,Davis Cup G2 R1: JAM vs DOM,Hard,4,D,20050304,4,103607,,,Victor Estrella,R,173,DOM,24.5749486653,1478,1,108941,,,Damar Johnson,U,,JAM,21.1006160164,,,4-6 3-6 6-4 6-2 6-3,5,RR,,,,,,,,,,,,,,,,,,,
2005-D070,Davis Cup G2 R2: BRA vs AHO,Clay,4,D,20050715,1,103672,,,Ricardo Mello,L,175,BRA,24.553045859,51,694,108940,,,David Josepa,U,,AHO,19.1786447639,,,6-0 6-0 6-0,5,RR,,,,,,,,,,,,,,,,,,,
2005-D070,Davis Cup G2 R2: BRA vs AHO,Clay,4,D,20050715,2,102856,,,Gustavo Kuerten,R,190,BRA,28.8323066393,209,185,104996,,,Alexander Blom,U,,AHO,17.9000684463,,,6-1 6-3 6-2,5,RR,,,,,,,,,,,,,,,,,,,
2005-D070,Davis Cup G2 R2: BRA vs AHO,Clay,4,D,20050715,3,103672,,,Ricardo Mello,L,175,BRA,24.553045859,51,694,104996,,,Alexander Blom,U,,AHO,17.9000684463,,,6-3 4-1 RET,5,RR,,,,,,,,,,,,,,,,,,,
2005-D070,Davis Cup G2 R2: BRA vs AHO,Clay,4,D,20050715,4,102856,,,Gustavo Kuerten,R,190,BRA,28.8323066393,209,185,108614,,,Raoul Behr,U,,AHO,28.7939767283,,,6-0 6-2,3,RR,,,,,,,,,,,,,,,,,,,
2005-D071,Davis Cup G2 R2: URU vs DOM,Clay,4,D,20050715,1,104395,,,Marcel Felder,R,,URU,21.0047912389,549,41,103638,,,Jhonson Garcia,R,,DOM,24.7748117728,,,6-2 6-1 6-2,5,RR,,,,,,,,,,,,,,,,,,,
2005-D071,Davis Cup G2 R2: URU vs DOM,Clay,4,D,20050715,2,104655,,,Pablo Cuevas,R,180,URU,19.523613963,590,35,103607,,,Victor Estrella,R,173,DOM,24.93908282,,,7-6(8) 6-3 6-3,5,RR,,,,,,,,,,,,,,,,,,,
2005-D071,Davis Cup G2 R2: URU vs DOM,Clay,4,D,20050715,3,104395,,,Marcel Felder,R,,URU,21.0047912389,549,41,108920,,,Federico Rodriguez,U,,DOM,25.2046543463,,,6-4 6-1,3,RR,,,,,,,,,,,,,,,,,,,
2005-D071,Davis Cup G2 R2: URU vs DOM,Clay,4,D,20050715,4,108942,,,Henry Estrella,U,,DOM,19.4661190965,,,108943,,,Augusto Ricciardi Castelli,U,,URU,25.9904175222,,,6-4 2-6 7-6(2),3,RR,,,,,,,,,,,,,,,,,,,
2005-D072,Davis Cup G2 PO: COL vs BAH,Clay,4,D,20050715,1,104027,,,Pablo Gonzalez,R,178,COL,23.0253251198,337,98,104270,,,Marvin Rolle,R,,BAH,21.6536618754,1479,1,3-6 6-2 6-2 3-6 6-2,5,RR,,,,,,,,,,,,,,,,,,,
2005-D072,Davis Cup G2 PO: COL vs BAH,Clay,4,D,20050715,2,104268,,,Alejandro Falla,L,185,COL,21.6563997262,256,143,104618,,,Devin Mullings,U,,BAH,19.7672826831,1479,1,6-4 6-2 6-3,5,RR,,,,,,,,,,,,,,,,,,,
2005-D072,Davis Cup G2 PO: COL vs BAH,Clay,4,D,20050715,3,104268,,,Alejandro Falla,L,185,COL,21.6563997262,256,143,104976,,,Ryan Sweeting,R,196,USA,17.993155373,,,6-4 6-4,3,RR,,,,,,,,,,,,,,,,,,,
2005-D072,Davis Cup G2 PO: COL vs BAH,Clay,4,D,20050715,4,103590,,,Michael Quintero,R,,COL,24.9993155373,501,49,108612,,,Sergei Cuptov,U,,MDA,23.3812457221,,,6-1 6-1,3,RR,,,,,,,,,,,,,,,,,,,
2005-D073,Davis Cup G2 PO: JAM vs CUB,Hard,4,D,20050715,1,104210,,,Ryan Russell,U,,JAM,22.0150581793,736,19,108927,,,Edgar Hernandez Perez,U,,CUB,20.0328542094,1322,2,6-0 6-2 6-1,5,RR,,,,,,,,,,,,,,,,,,,
2005-D073,Davis Cup G2 PO: JAM vs CUB,Hard,4,D,20050715,2,108941,,,Damar Johnson,U,,JAM,21.4647501711,,,103905,,,Ricardo Chile Fonte,U,,CUB,23.5071868583,,,6-3 7-6(6) 6-4,5,RR,,,,,,,,,,,,,,,,,,,
2005-D073,Davis Cup G2 PO: JAM vs CUB,Hard,4,D,20050715,3,104210,,,Ryan Russell,U,,JAM,22.0150581793,736,19,103905,,,Ricardo Chile Fonte,U,,CUB,23.5071868583,,,3-6 7-6(2) 7-6(6) 2-3 RET,5,RR,,,,,,,,,,,,,,,,,,,
2005-D074,Davis Cup G2 R1: NZL vs KAZ,Hard,4,D,20050304,1,103066,,,Mark Nielsen,R,185,NZL,27.3921971253,543,41,104463,,,Dmitriy Makeyev,U,,KAZ,20.2108145106,1478,1,6-0 6-2 6-3,5,RR,,,,,,,,,,,,,,,,,,,
2005-D074,Davis Cup G2 R1: NZL vs KAZ,Hard,4,D,20050304,2,110685,,,Gd Jones,R,183,NZL,18.9130732375,,,103612,,,Alexey Kedryuk,R,193,KAZ,24.5585215606,425,64,6-3 6-4 6-4,5,RR,,,,,,,,,,,,,,,,,,,
2005-D074,Davis Cup G2 R1: NZL vs KAZ,Hard,4,D,20050304,3,103612,,,Alexey Kedryuk,R,193,KAZ,24.5585215606,425,64,104907,,,Jose Rubin Statham,R,183,NZL,17.8480492813,1067,6,6-4 7-5,3,RR,,,,,,,,,,,,,,,,,,,
2005-D074,Davis Cup G2 R1: NZL vs KAZ,Hard,4,D,20050304,4,110685,,,Gd Jones,R,183,NZL,18.9130732375,,,108944,,,Stanislav Bykov,U,,KAZ,16.5366187543,,,6-1 6-0,3,RR,,,,,,,,,,,,,,,,,,,
2005-D075,Davis Cup G2 R1: IRI vs KUW,Clay,4,D,20050304,1,104895,,,Abdullah Maqdas,U,,KUW,17.916495551,1478,1,103803,,,Ashkan Shokoofi,U,,IRI,23.6413415469,877,10,7-6(7) 7-5 6-3,5,RR,,,,,,,,,,,,,,,,,,,
2005-D075,Davis Cup G2 R1: IRI vs KUW,Clay,4,D,20050304,2,103600,,,Mohammad Ghareeb,R,,KUW,24.605065024,668,25,103875,,,Anoosha Shahgholi,U,,IRI,23.3018480493,1047,6,7-5 7-6(5) 6-3,5,RR,,,,,,,,,,,,,,,,,,,
2005-D075,Davis Cup G2 R1: IRI vs KUW,Clay,4,D,20050304,3,103050,,,Shahab Hassani Nafez,R,,IRI,27.4524298426,974,7,108925,,,Ahmad Rabeea Muhammad,U,,KUW,17.9192334018,,,6-2 7-5,3,RR,,,,,,,,,,,,,,,,,,,
2005-D075,Davis Cup G2 R1: IRI vs KUW,Clay,4,D,20050304,4,104895,,,Abdullah Maqdas,U,,KUW,17.916495551,1478,1,103875,,,Anoosha Shahgholi,U,,IRI,23.3018480493,1047,6,6-3 6-3,3,RR,,,,,,,,,,,,,,,,,,,
2005-D076,Davis Cup G2 R1: POC vs LIB,Hard,4,D,20050304,1,104702,,,Michael Leong,U,,SOL,18.9514031485,,,108644,,,Patrick Chucri,U,,LIB,23.3374401095,1478,1,6-3 2-6 6-3 5-7 3-0 RET,5,RR,,,,,,,,,,,,,,,,,,,
2005-D076,Davis Cup G2 R1: POC vs LIB,Hard,4,D,20050304,2,108945,,,Juan Sebastian Langton,U,,SAM,21.6837782341,,,108618,,,Karim Alayli,U,,LIB,21.9356605065,1478,1,6-7(6) 6-3 6-1 7-5,5,RR,,,,,,,,,,,,,,,,,,,
2005-D076,Davis Cup G2 R1: POC vs LIB,Hard,4,D,20050304,3,104702,,,Michael Leong,U,,SOL,18.9514031485,,,102812,,,Jicham Zaatini,R,,LIB,28.7008898015,1089,5,7-5 6-7(14) 6-3 4-6 6-2,5,RR,,,,,,,,,,,,,,,,,,,
2005-D076,Davis Cup G2 R1: POC vs LIB,Hard,4,D,20050304,4,108644,,,Patrick Chucri,U,,LIB,23.3374401095,1478,1,108946,,,Brett Baudinet,U,,COK,23.3264887064,,,6-4 2-6 6-2,3,RR,,,,,,,,,,,,,,,,,,,
2005-D077,Davis Cup G2 R1: PHI vs KOR,Clay,4,D,20050304,1,104591,,,Patrick Tierro,U,,PHI,19.5783709788,1133,4,104565,,,Hyun Joon Suk,U,,KOR,19.7234770705,1100,5,7-5 7-5 6-4,5,RR,,,,,,,,,,,,,,,,,,,
2005-D077,Davis Cup G2 R1: PHI vs KOR,Clay,4,D,20050304,2,104753,,,Woong Sun Jun,R,190,KOR,18.7104722793,713,21,108594,,,Johnny Arcilla,U,,PHI,25.0376454483,,,6-4 3-6 7-6(7) 4-6 6-4,5,RR,,,,,,,,,,,,,,,,,,,
2005-D077,Davis Cup G2 R1: PHI vs KOR,Clay,4,D,20050304,3,104753,,,Woong Sun Jun,R,190,KOR,18.7104722793,713,21,104591,,,Patrick Tierro,U,,PHI,19.5783709788,1133,4,6-3 6-3 6-3,5,RR,,,,,,,,,,,,,,,,,,,
2005-D077,Davis Cup G2 R1: PHI vs KOR,Clay,4,D,20050304,4,108594,,,Johnny Arcilla,U,,PHI,25.0376454483,,,104565,,,Hyun Joon Suk,U,,KOR,19.7234770705,1100,5,6-2 7-5,3,RR,,,,,,,,,,,,,,,,,,,
2005-D078,Davis Cup G2 R2: NZL vs KUW,Hard,4,D,20050715,1,103066,,,Mark Nielsen,R,185,NZL,27.7563312799,414,68,104895,,,Abdullah Maqdas,U,,KUW,18.2806297057,1479,1,7-6(1) 1-6 6-4 6-1,5,RR,,,,,,,,,,,,,,,,,,,
2005-D078,Davis Cup G2 R2: NZL vs KUW,Hard,4,D,20050715,2,110685,,,Gd Jones,R,183,NZL,19.2772073922,,,103600,,,Mohammad Ghareeb,R,,KUW,24.9691991786,635,30,3-6 6-4 7-5 6-2,5,RR,,,,,,,,,,,,,,,,,,,
2005-D078,Davis Cup G2 R2: NZL vs KUW,Hard,4,D,20050715,3,103600,,,Mohammad Ghareeb,R,,KUW,24.9691991786,635,30,104040,,,Adam Thompson,U,,NZL,22.9541409993,713,21,7-5 6-3,3,RR,,,,,,,,,,,,,,,,,,,
2005-D078,Davis Cup G2 R2: NZL vs KUW,Hard,4,D,20050715,4,104895,,,Abdullah Maqdas,U,,KUW,18.2806297057,1479,1,104368,,,Daniel King Turner,R,190,NZL,21.1553730322,722,20,7-6(4) 5-7 6-3,3,RR,,,,,,,,,,,,,,,,,,,
2005-D079,Davis Cup G2 R2: KOR vs POC,Hard,4,D,20050715,1,104928,,,Sun Yong Kim Jr,R,,KOR,18.1273100616,848,12,104702,,,Michael Leong,U,,SOL,19.3155373032,,,6-0 3-6 6-4 6-3,5,RR,,,,,,,,,,,,,,,,,,,
2005-D079,Davis Cup G2 R2: KOR vs POC,Hard,4,D,20050715,2,104753,,,Woong Sun Jun,R,190,KOR,19.0746064339,605,33,108947,,,West Nott,U,,MHL,23.0910335387,,,7-5 6-4 6-1,5,RR,,,,,,,,,,,,,,,,,,,
2005-D079,Davis Cup G2 R2: KOR vs POC,Hard,4,D,20050715,3,104561,,,Jae Sung An,U,,KOR,20.1204654346,761,17,104702,,,Michael Leong,U,,SOL,19.3155373032,,,6-4 6-3,3,RR,,,,,,,,,,,,,,,,,,,
2005-D079,Davis Cup G2 R2: KOR vs POC,Hard,4,D,20050715,4,104928,,,Sun Yong Kim Jr,R,,KOR,18.1273100616,848,12,108945,,,Juan Sebastian Langton,U,,SAM,22.0479123888,,,6-4 6-3,3,RR,,,,,,,,,,,,,,,,,,,
2005-D080,Davis Cup G2 F: NZL vs KOR,Hard,4,D,20050923,1,103066,,,Mark Nielsen,R,185,NZL,27.947980835,341,93,103682,,,Kyu Tae Im,R,185,KOR,24.7008898015,364,82,0-6 4-6 6-4 6-0 5-2 RET,5,RR,,,,,,,,,,,,,,,,,,,
2005-D080,Davis Cup G2 F: NZL vs KOR,Hard,4,D,20050923,2,102703,,,Hyung Taik Lee,R,180,KOR,29.711156742,105,408,104368,,,Daniel King Turner,R,190,NZL,21.3470225873,677,25,6-1 7-6(5) 6-1,5,RR,,,,,,,,,,,,,,,,,,,
2005-D080,Davis Cup G2 F: NZL vs KOR,Hard,4,D,20050923,3,102703,,,Hyung Taik Lee,R,180,KOR,29.711156742,105,408,103066,,,Mark Nielsen,R,185,NZL,27.947980835,341,93,6-2 7-6(8) 6-3,5,RR,,,,,,,,,,,,,,,,,,,
2005-D080,Davis Cup G2 F: NZL vs KOR,Hard,4,D,20050923,4,104907,,,Jose Rubin Statham,R,183,NZL,18.4038329911,660,27,104928,,,Sun Yong Kim Jr,R,,KOR,18.3189596167,872,12,6-4 6-4,3,RR,,,,,,,,,,,,,,,,,,,
2005-D081,Davis Cup G2 PO: IRI vs KAZ,Clay,4,D,20050715,1,103612,,,Alexey Kedryuk,R,193,KAZ,24.9226557153,443,61,103050,,,Shahab Hassani Nafez,R,,IRI,27.8165639973,989,7,7-5 6-1 6-2,5,RR,,,,,,,,,,,,,,,,,,,
2005-D081,Davis Cup G2 PO: IRI vs KAZ,Clay,4,D,20050715,2,103803,,,Ashkan Shokoofi,U,,IRI,24.0054757016,900,10,104463,,,Dmitriy Makeyev,U,,KAZ,20.5749486653,943,8,6-3 6-4 6-0,5,RR,,,,,,,,,,,,,,,,,,,
2005-D081,Davis Cup G2 PO: IRI vs KAZ,Clay,4,D,20050715,3,103612,,,Alexey Kedryuk,R,193,KAZ,24.9226557153,443,61,103803,,,Ashkan Shokoofi,U,,IRI,24.0054757016,900,10,6-3 6-1 6-4,5,RR,,,,,,,,,,,,,,,,,,,
2005-D081,Davis Cup G2 PO: IRI vs KAZ,Clay,4,D,20050715,4,103875,,,Anoosha Shahgholi,U,,IRI,23.665982204,1053,6,104463,,,Dmitriy Makeyev,U,,KAZ,20.5749486653,943,8,6-3 6-7(5) 6-4,3,RR,,,,,,,,,,,,,,,,,,,
2005-D082,Davis Cup G2 PO: LIB vs PHI,Clay,4,D,20050715,1,108644,,,Patrick Chucri,U,,LIB,23.7015742642,1479,1,108594,,,Johnny Arcilla,U,,PHI,25.401779603,,,6-2 6-2 6-2,5,RR,,,,,,,,,,,,,,,,,,,
2005-D082,Davis Cup G2 PO: LIB vs PHI,Clay,4,D,20050715,2,104591,,,Patrick Tierro,U,,PHI,19.9425051335,1147,4,108618,,,Karim Alayli,U,,LIB,22.2997946612,,,6-3 3-6 6-4 1-6 7-5,5,RR,,,,,,,,,,,,,,,,,,,
2005-D082,Davis Cup G2 PO: LIB vs PHI,Clay,4,D,20050715,3,104591,,,Patrick Tierro,U,,PHI,19.9425051335,1147,4,108644,,,Patrick Chucri,U,,LIB,23.7015742642,1479,1,6-7(5) 6-7(8) 6-1 6-4 7-5,5,RR,,,,,,,,,,,,,,,,,,,
2005-D082,Davis Cup G2 PO: LIB vs PHI,Clay,4,D,20050715,4,108618,,,Karim Alayli,U,,LIB,22.2997946612,,,108594,,,Johnny Arcilla,U,,PHI,25.401779603,,,6-2 7-6(5) 6-1,5,RR,,,,,,,,,,,,,,,,,,,
2005-D083,Davis Cup G2 F: URU vs BRA,Clay,4,D,20050923,1,102856,,,Gustavo Kuerten,R,190,BRA,29.0239561944,297,115,104395,,,Marcel Felder,R,,URU,21.196440794,488,52,6-1 6-0 3-6 6-4,5,RR,,,,,,,,,,,,,,,,,,,
2005-D083,Davis Cup G2 F: URU vs BRA,Clay,4,D,20050923,2,104655,,,Pablo Cuevas,R,180,URU,19.7152635181,496,50,103581,,,Flavio Saretta,R,183,BRA,25.2265571526,108,407,6-3 3-6 6-4 6-2,5,RR,,,,,,,,,,,,,,,,,,,
2005-D083,Davis Cup G2 F: URU vs BRA,Clay,4,D,20050923,3,103672,,,Ricardo Mello,L,175,BRA,24.7446954141,88,453,104395,,,Marcel Felder,R,,URU,21.196440794,488,52,6-7(5) 6-1 6-3 6-2,5,RR,,,,,,,,,,,,,,,,,,,
2005-D083,Davis Cup G2 F: URU vs BRA,Clay,4,D,20050923,4,104655,,,Pablo Cuevas,R,180,URU,19.7152635181,496,50,102856,,,Gustavo Kuerten,R,190,BRA,29.0239561944,297,115,7-6(5) RET,5,RR,,,,,,,,,,,,,,,,,,,
